contrast	frequency_hz	time_s	sensor_average_difference_db
Memorize_minus_Ignore	4	0	-0.158195371540325
Memorize_minus_Ignore	6	0	-0.124170327492754
Memorize_minus_Ignore	8	0	-0.0114206799383586
Memorize_minus_Ignore	10	0	0.0277940053762084
Memorize_minus_Ignore	12	0	0.0586413624800909
Memorize_minus_Ignore	14	0	0.0653098924593193
Memorize_minus_Ignore	16	0	0.065618648300077
Memorize_minus_Ignore	18	0	0.0572930757173433
Memorize_minus_Ignore	20	0	0.102987005989694
Memorize_minus_Ignore	22	0	0.133018135278353
Memorize_minus_Ignore	24	0	0.120916043878029
Memorize_minus_Ignore	26	0	0.092792281213434
Memorize_minus_Ignore	28	0	0.0708225567869849
Memorize_minus_Ignore	30	0	0.08050291737847
Memorize_minus_Ignore	4	0.04	-0.178916297696929
Memorize_minus_Ignore	6	0.04	-0.140364750760178
Memorize_minus_Ignore	8	0.04	-0.0254439330379995
Memorize_minus_Ignore	10	0.04	0.00656095804392756
Memorize_minus_Ignore	12	0.04	0.0174349064580701
Memorize_minus_Ignore	14	0.04	0.00705958786362122
Memorize_minus_Ignore	16	0.04	0.0305278043037747
Memorize_minus_Ignore	18	0.04	0.0197602965557011
Memorize_minus_Ignore	20	0.04	0.0148532378188529
Memorize_minus_Ignore	22	0.04	0.0219170659848768
Memorize_minus_Ignore	24	0.04	0.0388106837436481
Memorize_minus_Ignore	26	0.04	0.0562544198065748
Memorize_minus_Ignore	28	0.04	0.0676361651003045
Memorize_minus_Ignore	30	0.04	0.0631999415158927
Memorize_minus_Ignore	4	0.0800000000000001	-0.202819199414668
Memorize_minus_Ignore	6	0.0800000000000001	-0.148587194522159
Memorize_minus_Ignore	8	0.0800000000000001	-0.054253248992836
Memorize_minus_Ignore	10	0.0800000000000001	-0.0444645004453648
Memorize_minus_Ignore	12	0.0800000000000001	-0.0283662368284192
Memorize_minus_Ignore	14	0.0800000000000001	-0.0436768808589641
Memorize_minus_Ignore	16	0.0800000000000001	-0.00698321119065847
Memorize_minus_Ignore	18	0.0800000000000001	-0.0261404399929175
Memorize_minus_Ignore	20	0.0800000000000001	-0.0239138322991177
Memorize_minus_Ignore	22	0.0800000000000001	0.0222973569743792
Memorize_minus_Ignore	24	0.0800000000000001	0.0868764298363732
Memorize_minus_Ignore	26	0.0800000000000001	0.108483979708324
Memorize_minus_Ignore	28	0.0800000000000001	0.0716392982726732
Memorize_minus_Ignore	30	0.0800000000000001	0.0155109595971925
Memorize_minus_Ignore	4	0.12	-0.231547789926041
Memorize_minus_Ignore	6	0.12	-0.156728947639973
Memorize_minus_Ignore	8	0.12	-0.0847428241556647
Memorize_minus_Ignore	10	0.12	-0.105321929592566
Memorize_minus_Ignore	12	0.12	-0.0621968999504654
Memorize_minus_Ignore	14	0.12	-0.0676096333975012
Memorize_minus_Ignore	16	0.12	-0.0536904134290591
Memorize_minus_Ignore	18	0.12	-0.0253841609341962
Memorize_minus_Ignore	20	0.12	-0.0273993322218238
Memorize_minus_Ignore	22	0.12	-0.0259583808012431
Memorize_minus_Ignore	24	0.12	-0.00390423519927889
Memorize_minus_Ignore	26	0.12	0.0372319572534688
Memorize_minus_Ignore	28	0.12	0.0895510871337629
Memorize_minus_Ignore	30	0.12	0.0999060176821867
Memorize_minus_Ignore	4	0.16	-0.263368117176837
Memorize_minus_Ignore	6	0.16	-0.174546987132591
Memorize_minus_Ignore	8	0.16	-0.12170248676888
Memorize_minus_Ignore	10	0.16	-0.171113606323665
Memorize_minus_Ignore	12	0.16	-0.110344320213303
Memorize_minus_Ignore	14	0.16	-0.0465963900908454
Memorize_minus_Ignore	16	0.16	-0.0325321177178404
Memorize_minus_Ignore	18	0.16	0.00600290958418848
Memorize_minus_Ignore	20	0.16	0.0239168895357117
Memorize_minus_Ignore	22	0.16	0.0239879390342722
Memorize_minus_Ignore	24	0.16	0.0217225898606837
Memorize_minus_Ignore	26	0.16	0.0455864624029058
Memorize_minus_Ignore	28	0.16	0.052244187348718
Memorize_minus_Ignore	30	0.16	0.0747654861350634
Memorize_minus_Ignore	4	0.2	-0.298086961726302
Memorize_minus_Ignore	6	0.2	-0.204262990697017
Memorize_minus_Ignore	8	0.2	-0.175998939062108
Memorize_minus_Ignore	10	0.2	-0.240723442489818
Memorize_minus_Ignore	12	0.2	-0.158338016347722
Memorize_minus_Ignore	14	0.2	-0.0124300183807375
Memorize_minus_Ignore	16	0.2	0.0609205020765526
Memorize_minus_Ignore	18	0.2	0.0804310245379953
Memorize_minus_Ignore	20	0.2	0.0798623774407292
Memorize_minus_Ignore	22	0.2	0.0763118404476777
Memorize_minus_Ignore	24	0.2	0.0439456608820652
Memorize_minus_Ignore	26	0.2	-0.0124736154378834
Memorize_minus_Ignore	28	0.2	-0.0450201530929734
Memorize_minus_Ignore	30	0.2	-0.0378810393407692
Memorize_minus_Ignore	4	0.24	-0.336377754359007
Memorize_minus_Ignore	6	0.24	-0.243456237701351
Memorize_minus_Ignore	8	0.24	-0.254152960097781
Memorize_minus_Ignore	10	0.24	-0.302310066953573
Memorize_minus_Ignore	12	0.24	-0.185721528392544
Memorize_minus_Ignore	14	0.24	-0.0244207712061459
Memorize_minus_Ignore	16	0.24	0.0621580186655845
Memorize_minus_Ignore	18	0.24	0.0885947144380978
Memorize_minus_Ignore	20	0.24	0.141458261748874
Memorize_minus_Ignore	22	0.24	0.172466058427227
Memorize_minus_Ignore	24	0.24	0.182366270663022
Memorize_minus_Ignore	26	0.24	0.178203399596687
Memorize_minus_Ignore	28	0.24	0.177767785934554
Memorize_minus_Ignore	30	0.24	0.118348872139681
Memorize_minus_Ignore	4	0.28	-0.377270777559623
Memorize_minus_Ignore	6	0.28	-0.290531541868491
Memorize_minus_Ignore	8	0.28	-0.343291029090725
Memorize_minus_Ignore	10	0.28	-0.354276340821454
Memorize_minus_Ignore	12	0.28	-0.199942256422823
Memorize_minus_Ignore	14	0.28	-0.0469580205184686
Memorize_minus_Ignore	16	0.28	-0.0149472961272996
Memorize_minus_Ignore	18	0.28	-0.0142160472423752
Memorize_minus_Ignore	20	0.28	0.0828985110954092
Memorize_minus_Ignore	22	0.28	0.156197063259455
Memorize_minus_Ignore	24	0.28	0.19758246756232
Memorize_minus_Ignore	26	0.28	0.239246980651403
Memorize_minus_Ignore	28	0.28	0.26605039632982
Memorize_minus_Ignore	30	0.28	0.287417409016396
Memorize_minus_Ignore	4	0.32	-0.420114437691943
Memorize_minus_Ignore	6	0.32	-0.343251725599983
Memorize_minus_Ignore	8	0.32	-0.421725136491754
Memorize_minus_Ignore	10	0.32	-0.411840294928388
Memorize_minus_Ignore	12	0.32	-0.218368864473858
Memorize_minus_Ignore	14	0.32	-0.0726715686418004
Memorize_minus_Ignore	16	0.32	-0.0710063156566828
Memorize_minus_Ignore	18	0.32	-0.104070935404472
Memorize_minus_Ignore	20	0.32	-0.0625557644476225
Memorize_minus_Ignore	22	0.32	-0.00541734856073439
Memorize_minus_Ignore	24	0.32	0.0403083285186782
Memorize_minus_Ignore	26	0.32	0.0634841436908335
Memorize_minus_Ignore	28	0.32	0.0649614181662236
Memorize_minus_Ignore	30	0.32	0.0924139508443216
Memorize_minus_Ignore	4	0.36	-0.464000164009639
Memorize_minus_Ignore	6	0.36	-0.3971455699786
Memorize_minus_Ignore	8	0.36	-0.489521439510989
Memorize_minus_Ignore	10	0.36	-0.482947817460194
Memorize_minus_Ignore	12	0.36	-0.281493482669246
Memorize_minus_Ignore	14	0.36	-0.142774930379887
Memorize_minus_Ignore	16	0.36	-0.103330270129094
Memorize_minus_Ignore	18	0.36	-0.136136569976098
Memorize_minus_Ignore	20	0.36	-0.116995439602014
Memorize_minus_Ignore	22	0.36	-0.0550541686647003
Memorize_minus_Ignore	24	0.36	0.0178808690275031
Memorize_minus_Ignore	26	0.36	0.0583790901930506
Memorize_minus_Ignore	28	0.36	0.0701862694166402
Memorize_minus_Ignore	30	0.36	0.0272320179351974
Memorize_minus_Ignore	4	0.4	-0.505901678742621
Memorize_minus_Ignore	6	0.4	-0.447217875869216
Memorize_minus_Ignore	8	0.4	-0.573020530321325
Memorize_minus_Ignore	10	0.4	-0.567589135573247
Memorize_minus_Ignore	12	0.4	-0.400275764882916
Memorize_minus_Ignore	14	0.4	-0.278942176766496
Memorize_minus_Ignore	16	0.4	-0.265027639588212
Memorize_minus_Ignore	18	0.4	-0.27082694027854
Memorize_minus_Ignore	20	0.4	-0.175110176533207
Memorize_minus_Ignore	22	0.4	-0.0805466307443696
Memorize_minus_Ignore	24	0.4	-0.0064242115158645
Memorize_minus_Ignore	26	0.4	0.045573469595384
Memorize_minus_Ignore	28	0.4	0.0702062860181425
Memorize_minus_Ignore	30	0.4	0.07905974362262
Memorize_minus_Ignore	4	0.44	-0.543299666168213
Memorize_minus_Ignore	6	0.44	-0.485614379174059
Memorize_minus_Ignore	8	0.44	-0.695173010764121
Memorize_minus_Ignore	10	0.44	-0.679443526739027
Memorize_minus_Ignore	12	0.44	-0.535612373907331
Memorize_minus_Ignore	14	0.44	-0.456781616145298
Memorize_minus_Ignore	16	0.44	-0.435568144685384
Memorize_minus_Ignore	18	0.44	-0.395233027805346
Memorize_minus_Ignore	20	0.44	-0.244136172156996
Memorize_minus_Ignore	22	0.44	-0.132045067692366
Memorize_minus_Ignore	24	0.44	-0.082146390817104
Memorize_minus_Ignore	26	0.44	-0.069067689692279
Memorize_minus_Ignore	28	0.44	-0.0751663824379701
Memorize_minus_Ignore	30	0.44	-0.0820522713516784
Memorize_minus_Ignore	4	0.48	-0.571024784711513
Memorize_minus_Ignore	6	0.48	-0.51253393811741
Memorize_minus_Ignore	8	0.48	-0.842680735506884
Memorize_minus_Ignore	10	0.48	-0.813278240863952
Memorize_minus_Ignore	12	0.48	-0.669751834850365
Memorize_minus_Ignore	14	0.48	-0.608584475071365
Memorize_minus_Ignore	16	0.48	-0.55612951325831
Memorize_minus_Ignore	18	0.48	-0.48464837426198
Memorize_minus_Ignore	20	0.48	-0.336687974301683
Memorize_minus_Ignore	22	0.48	-0.190167908051904
Memorize_minus_Ignore	24	0.48	-0.0801296975682183
Memorize_minus_Ignore	26	0.48	-0.0149754508288936
Memorize_minus_Ignore	28	0.48	0.0283098712868622
Memorize_minus_Ignore	30	0.48	0.0113357773158613
Memorize_minus_Ignore	4	0.52	-0.583618381042835
Memorize_minus_Ignore	6	0.52	-0.534601171530474
Memorize_minus_Ignore	8	0.52	-0.97228649711076
Memorize_minus_Ignore	10	0.52	-0.925678707330764
Memorize_minus_Ignore	12	0.52	-0.755940945063229
Memorize_minus_Ignore	14	0.52	-0.695674286461873
Memorize_minus_Ignore	16	0.52	-0.621767290678057
Memorize_minus_Ignore	18	0.52	-0.52074018804099
Memorize_minus_Ignore	20	0.52	-0.382546847556259
Memorize_minus_Ignore	22	0.52	-0.258013401235189
Memorize_minus_Ignore	24	0.52	-0.171499882679362
Memorize_minus_Ignore	26	0.52	-0.110383773397533
Memorize_minus_Ignore	28	0.52	-0.0753071252259228
Memorize_minus_Ignore	30	0.52	-0.0405581033123289
Memorize_minus_Ignore	4	0.56	-0.578391748390583
Memorize_minus_Ignore	6	0.56	-0.557792589592249
Memorize_minus_Ignore	8	0.56	-1.04342233451211
Memorize_minus_Ignore	10	0.56	-0.980300031296679
Memorize_minus_Ignore	12	0.56	-0.782815709067176
Memorize_minus_Ignore	14	0.56	-0.702326262663224
Memorize_minus_Ignore	16	0.56	-0.625270921104102
Memorize_minus_Ignore	18	0.56	-0.457599237078401
Memorize_minus_Ignore	20	0.56	-0.302479356377364
Memorize_minus_Ignore	22	0.56	-0.190371569492722
Memorize_minus_Ignore	24	0.56	-0.128732178370444
Memorize_minus_Ignore	26	0.56	-0.0918506596980039
Memorize_minus_Ignore	28	0.56	-0.0683625439399505
Memorize_minus_Ignore	30	0.56	-0.0907594011792994
Memorize_minus_Ignore	4	0.6	-0.558070993335579
Memorize_minus_Ignore	6	0.6	-0.579493183387797
Memorize_minus_Ignore	8	0.6	-1.03100190601083
Memorize_minus_Ignore	10	0.6	-0.95802910890953
Memorize_minus_Ignore	12	0.6	-0.781500942915535
Memorize_minus_Ignore	14	0.6	-0.669909615136069
Memorize_minus_Ignore	16	0.6	-0.532191243266688
Memorize_minus_Ignore	18	0.6	-0.359740866916905
Memorize_minus_Ignore	20	0.6	-0.231224310950208
Memorize_minus_Ignore	22	0.6	-0.141872340778076
Memorize_minus_Ignore	24	0.6	-0.0655393021049877
Memorize_minus_Ignore	26	0.6	0.0239631752520535
Memorize_minus_Ignore	28	0.6	0.0972219592653936
Memorize_minus_Ignore	30	0.6	0.0709672375294722
Memorize_minus_Ignore	4	0.64	-0.527376765029405
Memorize_minus_Ignore	6	0.64	-0.589803677578506
Memorize_minus_Ignore	8	0.64	-0.949168337000254
Memorize_minus_Ignore	10	0.64	-0.884660669576449
Memorize_minus_Ignore	12	0.64	-0.734630356538548
Memorize_minus_Ignore	14	0.64	-0.601425792144
Memorize_minus_Ignore	16	0.64	-0.411859267956404
Memorize_minus_Ignore	18	0.64	-0.259798976219074
Memorize_minus_Ignore	20	0.64	-0.152990751435415
Memorize_minus_Ignore	22	0.64	-0.071471905949917
Memorize_minus_Ignore	24	0.64	-0.0194101943816775
Memorize_minus_Ignore	26	0.64	0.00553437016651667
Memorize_minus_Ignore	28	0.64	-0.00389791171169251
Memorize_minus_Ignore	30	0.64	0.0170038854150594
Memorize_minus_Ignore	4	0.68	-0.489913533840286
Memorize_minus_Ignore	6	0.68	-0.58297145486971
Memorize_minus_Ignore	8	0.68	-0.838015963888765
Memorize_minus_Ignore	10	0.68	-0.799393431709368
Memorize_minus_Ignore	12	0.68	-0.645273428472912
Memorize_minus_Ignore	14	0.68	-0.482051228064822
Memorize_minus_Ignore	16	0.68	-0.332039672835527
Memorize_minus_Ignore	18	0.68	-0.198092880347196
Memorize_minus_Ignore	20	0.68	-0.0636512142492325
Memorize_minus_Ignore	22	0.68	0.0145315881608933
Memorize_minus_Ignore	24	0.68	0.0111408152629292
Memorize_minus_Ignore	26	0.68	-0.030226154339014
Memorize_minus_Ignore	28	0.68	-0.0581754289970998
Memorize_minus_Ignore	30	0.68	-0.0771170614770196
Memorize_minus_Ignore	4	0.72	-0.446196231141364
Memorize_minus_Ignore	6	0.72	-0.552971315697233
Memorize_minus_Ignore	8	0.72	-0.733419643256464
Memorize_minus_Ignore	10	0.72	-0.713883154719903
Memorize_minus_Ignore	12	0.72	-0.554646446997186
Memorize_minus_Ignore	14	0.72	-0.339838857165644
Memorize_minus_Ignore	16	0.72	-0.21184466716151
Memorize_minus_Ignore	18	0.72	-0.158167110988278
Memorize_minus_Ignore	20	0.72	-0.117963675776156
Memorize_minus_Ignore	22	0.72	-0.0767673427992402
Memorize_minus_Ignore	24	0.72	-0.0403700591710709
Memorize_minus_Ignore	26	0.72	0.00323295383202308
Memorize_minus_Ignore	28	0.72	0.0106326642691364
Memorize_minus_Ignore	30	0.72	0.0101144237168945
Memorize_minus_Ignore	4	0.76	-0.39652702459116
Memorize_minus_Ignore	6	0.76	-0.502167925713128
Memorize_minus_Ignore	8	0.76	-0.65976056395464
Memorize_minus_Ignore	10	0.76	-0.63880212755504
Memorize_minus_Ignore	12	0.76	-0.4748397403438
Memorize_minus_Ignore	14	0.76	-0.24750901144116
Memorize_minus_Ignore	16	0.76	-0.124371554857984
Memorize_minus_Ignore	18	0.76	-0.124208742726512
Memorize_minus_Ignore	20	0.76	-0.153233990294224
Memorize_minus_Ignore	22	0.76	-0.160172886661036
Memorize_minus_Ignore	24	0.76	-0.146110345187728
Memorize_minus_Ignore	26	0.76	-0.158663379162084
Memorize_minus_Ignore	28	0.76	-0.18200840882978
Memorize_minus_Ignore	30	0.76	-0.220739257410245
Memorize_minus_Ignore	4	0.8	-0.340776406445345
Memorize_minus_Ignore	6	0.8	-0.443700805990642
Memorize_minus_Ignore	8	0.8	-0.617832825851519
Memorize_minus_Ignore	10	0.8	-0.591676920341884
Memorize_minus_Ignore	12	0.8	-0.41783051472884
Memorize_minus_Ignore	14	0.8	-0.187868077600568
Memorize_minus_Ignore	16	0.8	-0.115958689279032
Memorize_minus_Ignore	18	0.8	-0.120077048283584
Memorize_minus_Ignore	20	0.8	-0.115372777597055
Memorize_minus_Ignore	22	0.8	-0.0886770528469123
Memorize_minus_Ignore	24	0.8	-0.0563971403421901
Memorize_minus_Ignore	26	0.8	-0.0263308100657135
Memorize_minus_Ignore	28	0.8	0.0147731104514802
Memorize_minus_Ignore	30	0.8	0.0068539922782534
Memorize_minus_Ignore	4	0.84	-0.280083903780873
Memorize_minus_Ignore	6	0.84	-0.393437187548852
Memorize_minus_Ignore	8	0.84	-0.585904992823157
Memorize_minus_Ignore	10	0.84	-0.570296904252264
Memorize_minus_Ignore	12	0.84	-0.41248291823126
Memorize_minus_Ignore	14	0.84	-0.1892935023396
Memorize_minus_Ignore	16	0.84	-0.0665957214491456
Memorize_minus_Ignore	18	0.84	-0.078717596149621
Memorize_minus_Ignore	20	0.84	-0.0966247602465394
Memorize_minus_Ignore	22	0.84	-0.0757071003687066
Memorize_minus_Ignore	24	0.84	-0.0285008038179111
Memorize_minus_Ignore	26	0.84	0.0276390813838736
Memorize_minus_Ignore	28	0.84	0.0852004916116389
Memorize_minus_Ignore	30	0.84	0.118305722138104
Memorize_minus_Ignore	4	0.88	-0.217405944984346
Memorize_minus_Ignore	6	0.88	-0.36136395589064
Memorize_minus_Ignore	8	0.88	-0.551526281653831
Memorize_minus_Ignore	10	0.88	-0.562181190931246
Memorize_minus_Ignore	12	0.88	-0.4265821481145
Memorize_minus_Ignore	14	0.88	-0.20835619660692
Memorize_minus_Ignore	16	0.88	-0.0570234267430176
Memorize_minus_Ignore	18	0.88	-0.0345482304278261
Memorize_minus_Ignore	20	0.88	-0.066176313789276
Memorize_minus_Ignore	22	0.88	-0.0797416165854845
Memorize_minus_Ignore	24	0.88	-0.0735282627888384
Memorize_minus_Ignore	26	0.88	-0.0574313328191176
Memorize_minus_Ignore	28	0.88	-0.0379761663510605
Memorize_minus_Ignore	30	0.88	0.00569409092906665
Memorize_minus_Ignore	4	0.92	-0.15773298266866
Memorize_minus_Ignore	6	0.92	-0.34629438554126
Memorize_minus_Ignore	8	0.92	-0.518892637968895
Memorize_minus_Ignore	10	0.92	-0.565828539268088
Memorize_minus_Ignore	12	0.92	-0.42106783810817
Memorize_minus_Ignore	14	0.92	-0.166042369941702
Memorize_minus_Ignore	16	0.92	-0.00102517003603092
Memorize_minus_Ignore	18	0.92	0.0141541572211829
Memorize_minus_Ignore	20	0.92	-0.019393508049214
Memorize_minus_Ignore	22	0.92	-0.0285673175574451
Memorize_minus_Ignore	24	0.92	-0.0222393310662705
Memorize_minus_Ignore	26	0.92	-0.00264965477692026
Memorize_minus_Ignore	28	0.92	0.0425758753819776
Memorize_minus_Ignore	30	0.92	0.0826459828854529
Memorize_minus_Ignore	4	0.96	-0.106691997992779
Memorize_minus_Ignore	6	0.96	-0.335360867058982
Memorize_minus_Ignore	8	0.96	-0.487621524603962
Memorize_minus_Ignore	10	0.96	-0.559921871096147
Memorize_minus_Ignore	12	0.96	-0.40884191972469
Memorize_minus_Ignore	14	0.96	-0.167843907832912
Memorize_minus_Ignore	16	0.96	0.0240165792788497
Memorize_minus_Ignore	18	0.96	0.0270261295142904
Memorize_minus_Ignore	20	0.96	0.00331052604046782
Memorize_minus_Ignore	22	0.96	0.0138103506333442
Memorize_minus_Ignore	24	0.96	0.0428747147399701
Memorize_minus_Ignore	26	0.96	0.065798918518585
Memorize_minus_Ignore	28	0.96	0.104995042704161
Memorize_minus_Ignore	30	0.96	0.147990875964208
Memorize_minus_Ignore	4	1	-0.0692916481524076
Memorize_minus_Ignore	6	1	-0.317122020709712
Memorize_minus_Ignore	8	1	-0.461057563479009
Memorize_minus_Ignore	10	1	-0.53262534534587
Memorize_minus_Ignore	12	1	-0.408952565596603
Memorize_minus_Ignore	14	1	-0.230790698543883
Memorize_minus_Ignore	16	1	-0.0946598935107505
Memorize_minus_Ignore	18	1	-0.0639331475886726
Memorize_minus_Ignore	20	1	-0.0340995047955872
Memorize_minus_Ignore	22	1	-0.0185288405368702
Memorize_minus_Ignore	24	1	0.00288020924647124
Memorize_minus_Ignore	26	1	0.0134964012209687
Memorize_minus_Ignore	28	1	-0.0139851011037709
Memorize_minus_Ignore	30	1	-0.0116931912349232
Memorize_minus_Ignore	4	1.04	-0.0464737243352181
Memorize_minus_Ignore	6	1.04	-0.289286807890467
Memorize_minus_Ignore	8	1.04	-0.439134849464564
Memorize_minus_Ignore	10	1.04	-0.494787192028371
Memorize_minus_Ignore	12	1.04	-0.405185757186656
Memorize_minus_Ignore	14	1.04	-0.291960244877589
Memorize_minus_Ignore	16	1.04	-0.169098201825973
Memorize_minus_Ignore	18	1.04	-0.101845401260568
Memorize_minus_Ignore	20	1.04	-0.0650495669729953
Memorize_minus_Ignore	22	1.04	-0.047985869864098
Memorize_minus_Ignore	24	1.04	-0.0506635942057279
Memorize_minus_Ignore	26	1.04	-0.0598614922295861
Memorize_minus_Ignore	28	1.04	-0.0656477222859913
Memorize_minus_Ignore	30	1.04	-0.0948661607946639
Memorize_minus_Ignore	4	1.08	-0.0386289640107531
Memorize_minus_Ignore	6	1.08	-0.253271518793081
Memorize_minus_Ignore	8	1.08	-0.418507513939938
Memorize_minus_Ignore	10	1.08	-0.458139647864669
Memorize_minus_Ignore	12	1.08	-0.362572547553206
Memorize_minus_Ignore	14	1.08	-0.247072495823982
Memorize_minus_Ignore	16	1.08	-0.138370396005659
Memorize_minus_Ignore	18	1.08	-0.121289172190591
Memorize_minus_Ignore	20	1.08	-0.140259686012153
Memorize_minus_Ignore	22	1.08	-0.169806529815401
Memorize_minus_Ignore	24	1.08	-0.155178684579221
Memorize_minus_Ignore	26	1.08	-0.0942315534237731
Memorize_minus_Ignore	28	1.08	-0.0323460461902629
Memorize_minus_Ignore	30	1.08	0.00682086601975107
Memorize_minus_Ignore	4	1.12	-0.0444462158712802
Memorize_minus_Ignore	6	1.12	-0.212363733242485
Memorize_minus_Ignore	8	1.12	-0.400044604626584
Memorize_minus_Ignore	10	1.12	-0.432299683937615
Memorize_minus_Ignore	12	1.12	-0.296656630892484
Memorize_minus_Ignore	14	1.12	-0.138166297211781
Memorize_minus_Ignore	16	1.12	-0.102260864196002
Memorize_minus_Ignore	18	1.12	-0.168723431918578
Memorize_minus_Ignore	20	1.12	-0.191592329832852
Memorize_minus_Ignore	22	1.12	-0.171873974650509
Memorize_minus_Ignore	24	1.12	-0.161440197405733
Memorize_minus_Ignore	26	1.12	-0.152126893051348
Memorize_minus_Ignore	28	1.12	-0.113685734625687
Memorize_minus_Ignore	30	1.12	-0.0868522001715688
Memorize_minus_Ignore	4	1.16	-0.0610984148406998
Memorize_minus_Ignore	6	1.16	-0.175479535562873
Memorize_minus_Ignore	8	1.16	-0.385568455621204
Memorize_minus_Ignore	10	1.16	-0.426288389318195
Memorize_minus_Ignore	12	1.16	-0.259062096139334
Memorize_minus_Ignore	14	1.16	-0.133293892667744
Memorize_minus_Ignore	16	1.16	-0.141280696188586
Memorize_minus_Ignore	18	1.16	-0.194336277830216
Memorize_minus_Ignore	20	1.16	-0.17884080570866
Memorize_minus_Ignore	22	1.16	-0.122536737477708
Memorize_minus_Ignore	24	1.16	-0.0551061658946309
Memorize_minus_Ignore	26	1.16	-0.0192314826442454
Memorize_minus_Ignore	28	1.16	-0.0129658460987985
Memorize_minus_Ignore	30	1.16	-0.0588015775294111
Memorize_minus_Ignore	4	1.2	-0.0832223927034388
Memorize_minus_Ignore	6	1.2	-0.151642970740341
Memorize_minus_Ignore	8	1.2	-0.375132905180579
Memorize_minus_Ignore	10	1.2	-0.435975549130085
Memorize_minus_Ignore	12	1.2	-0.269271920937857
Memorize_minus_Ignore	14	1.2	-0.182118657044271
Memorize_minus_Ignore	16	1.2	-0.192306320621617
Memorize_minus_Ignore	18	1.2	-0.221476406958336
Memorize_minus_Ignore	20	1.2	-0.173100338473615
Memorize_minus_Ignore	22	1.2	-0.0858810076247498
Memorize_minus_Ignore	24	1.2	-0.0341487421721514
Memorize_minus_Ignore	26	1.2	-0.0271756229588694
Memorize_minus_Ignore	28	1.2	-0.0394598018593654
Memorize_minus_Ignore	30	1.2	-0.0420062312852228
Memorize_minus_Ignore	4	1.24	-0.107855322174292
Memorize_minus_Ignore	6	1.24	-0.151164500531881
Memorize_minus_Ignore	8	1.24	-0.377944667235485
Memorize_minus_Ignore	10	1.24	-0.446422322976783
Memorize_minus_Ignore	12	1.24	-0.286840480571177
Memorize_minus_Ignore	14	1.24	-0.161232367892508
Memorize_minus_Ignore	16	1.24	-0.139728599638923
Memorize_minus_Ignore	18	1.24	-0.129833091304339
Memorize_minus_Ignore	20	1.24	-0.110291845611127
Memorize_minus_Ignore	22	1.24	-0.0597511284745994
Memorize_minus_Ignore	24	1.24	-0.0488537968768097
Memorize_minus_Ignore	26	1.24	-0.0694127068874133
Memorize_minus_Ignore	28	1.24	-0.078779530753035
Memorize_minus_Ignore	30	1.24	-0.0388313452831294
Memorize_minus_Ignore	4	1.28	-0.132366587672871
Memorize_minus_Ignore	6	1.28	-0.179245295968058
Memorize_minus_Ignore	8	1.28	-0.39683824555306
Memorize_minus_Ignore	10	1.28	-0.456028432902099
Memorize_minus_Ignore	12	1.28	-0.322104725699623
Memorize_minus_Ignore	14	1.28	-0.170393267724107
Memorize_minus_Ignore	16	1.28	-0.105002819157123
Memorize_minus_Ignore	18	1.28	-0.133238322791135
Memorize_minus_Ignore	20	1.28	-0.140245046875
Memorize_minus_Ignore	22	1.28	-0.153911865020004
Memorize_minus_Ignore	24	1.28	-0.151113143105993
Memorize_minus_Ignore	26	1.28	-0.129575816063124
Memorize_minus_Ignore	28	1.28	-0.0845573335334619
Memorize_minus_Ignore	30	1.28	-0.046678300649172
Memorize_minus_Ignore	4	1.32	-0.153920831964563
Memorize_minus_Ignore	6	1.32	-0.227042563455444
Memorize_minus_Ignore	8	1.32	-0.427495408782849
Memorize_minus_Ignore	10	1.32	-0.472366683702967
Memorize_minus_Ignore	12	1.32	-0.367246884543424
Memorize_minus_Ignore	14	1.32	-0.271252386065274
Memorize_minus_Ignore	16	1.32	-0.256543561366712
Memorize_minus_Ignore	18	1.32	-0.28484159519828
Memorize_minus_Ignore	20	1.32	-0.238723324052589
Memorize_minus_Ignore	22	1.32	-0.192626931079935
Memorize_minus_Ignore	24	1.32	-0.167240385537845
Memorize_minus_Ignore	26	1.32	-0.138471796738022
Memorize_minus_Ignore	28	1.32	-0.0927260071065319
Memorize_minus_Ignore	30	1.32	-0.0589880883580005
Memorize_minus_Ignore	4	1.36	-0.171052657365855
Memorize_minus_Ignore	6	1.36	-0.276771992682008
Memorize_minus_Ignore	8	1.36	-0.452962825828636
Memorize_minus_Ignore	10	1.36	-0.494768282953485
Memorize_minus_Ignore	12	1.36	-0.383787145980221
Memorize_minus_Ignore	14	1.36	-0.294487231354974
Memorize_minus_Ignore	16	1.36	-0.296347665641376
Memorize_minus_Ignore	18	1.36	-0.299058263894115
Memorize_minus_Ignore	20	1.36	-0.291762607316101
Memorize_minus_Ignore	22	1.36	-0.241538452821171
Memorize_minus_Ignore	24	1.36	-0.180295637435306
Memorize_minus_Ignore	26	1.36	-0.126232839462744
Memorize_minus_Ignore	28	1.36	-0.0788248307540629
Memorize_minus_Ignore	30	1.36	-0.0545948454548638
Memorize_minus_Ignore	4	1.4	-0.183402192323534
Memorize_minus_Ignore	6	1.4	-0.307424937546463
Memorize_minus_Ignore	8	1.4	-0.45510030048012
Memorize_minus_Ignore	10	1.4	-0.496025925044534
Memorize_minus_Ignore	12	1.4	-0.368722977600794
Memorize_minus_Ignore	14	1.4	-0.1838333963567
Memorize_minus_Ignore	16	1.4	-0.113747632954924
Memorize_minus_Ignore	18	1.4	-0.103059029167255
Memorize_minus_Ignore	20	1.4	-0.124758071335289
Memorize_minus_Ignore	22	1.4	-0.092509303595205
Memorize_minus_Ignore	24	1.4	-0.0394353687477464
Memorize_minus_Ignore	26	1.4	0.00977091797716215
Memorize_minus_Ignore	28	1.4	0.0699065073715536
Memorize_minus_Ignore	30	1.4	0.0561442476322972
Probe_minus_Memorize	4	0	0.234534735391767
Probe_minus_Memorize	6	0	0.0574004643859535
Probe_minus_Memorize	8	0	-0.262010069616352
Probe_minus_Memorize	10	0	-0.27720651450304
Probe_minus_Memorize	12	0	-0.0827017751234374
Probe_minus_Memorize	14	0	0.0791102876090053
Probe_minus_Memorize	16	0	0.0763805521215188
Probe_minus_Memorize	18	0	-0.0692079563568961
Probe_minus_Memorize	20	0	-0.178971822876847
Probe_minus_Memorize	22	0	-0.253564533005326
Probe_minus_Memorize	24	0	-0.282716678766562
Probe_minus_Memorize	26	0	-0.276473555962994
Probe_minus_Memorize	28	0	-0.217234902329456
Probe_minus_Memorize	30	0	-0.213663939992693
Probe_minus_Memorize	4	0.04	0.244545426020972
Probe_minus_Memorize	6	0.04	0.0654732048874277
Probe_minus_Memorize	8	0.04	-0.381224433499508
Probe_minus_Memorize	10	0.04	-0.453581611667835
Probe_minus_Memorize	12	0.04	-0.232521064429944
Probe_minus_Memorize	14	0.04	-0.0297150937613222
Probe_minus_Memorize	16	0.04	-0.0312746738313636
Probe_minus_Memorize	18	0.04	-0.192281313697559
Probe_minus_Memorize	20	0.04	-0.291843927176937
Probe_minus_Memorize	22	0.04	-0.305431240582288
Probe_minus_Memorize	24	0.04	-0.245390183709468
Probe_minus_Memorize	26	0.04	-0.174190705123751
Probe_minus_Memorize	28	0.04	-0.0752498132806372
Probe_minus_Memorize	30	0.04	-0.00261262690647236
Probe_minus_Memorize	4	0.0800000000000001	0.256211011804661
Probe_minus_Memorize	6	0.0800000000000001	0.0474078118659134
Probe_minus_Memorize	8	0.0800000000000001	-0.530545638637514
Probe_minus_Memorize	10	0.0800000000000001	-0.70674601643469
Probe_minus_Memorize	12	0.0800000000000001	-0.451851357844027
Probe_minus_Memorize	14	0.0800000000000001	-0.124344528977226
Probe_minus_Memorize	16	0.0800000000000001	-0.0779161214510937
Probe_minus_Memorize	18	0.0800000000000001	-0.208081360757858
Probe_minus_Memorize	20	0.0800000000000001	-0.276410417319887
Probe_minus_Memorize	22	0.0800000000000001	-0.302861092209041
Probe_minus_Memorize	24	0.0800000000000001	-0.30595109881785
Probe_minus_Memorize	26	0.0800000000000001	-0.245468622873968
Probe_minus_Memorize	28	0.0800000000000001	-0.145357707372079
Probe_minus_Memorize	30	0.0800000000000001	-0.047905010292606
Probe_minus_Memorize	4	0.12	0.274539259180555
Probe_minus_Memorize	6	0.12	0.0272383912123969
Probe_minus_Memorize	8	0.12	-0.712134681002907
Probe_minus_Memorize	10	0.12	-0.996686132335443
Probe_minus_Memorize	12	0.12	-0.712646383223356
Probe_minus_Memorize	14	0.12	-0.312892449797821
Probe_minus_Memorize	16	0.12	-0.132318485786754
Probe_minus_Memorize	18	0.12	-0.211709800722579
Probe_minus_Memorize	20	0.12	-0.242145689043404
Probe_minus_Memorize	22	0.12	-0.247219287771458
Probe_minus_Memorize	24	0.12	-0.247712219474426
Probe_minus_Memorize	26	0.12	-0.224642420619575
Probe_minus_Memorize	28	0.12	-0.150413443674172
Probe_minus_Memorize	30	0.12	-0.112516768228834
Probe_minus_Memorize	4	0.16	0.301967800260026
Probe_minus_Memorize	6	0.16	0.0212263788926958
Probe_minus_Memorize	8	0.16	-0.893053788537317
Probe_minus_Memorize	10	0.16	-1.25743828129209
Probe_minus_Memorize	12	0.16	-0.961501346165717
Probe_minus_Memorize	14	0.16	-0.542324350733588
Probe_minus_Memorize	16	0.16	-0.302122219809079
Probe_minus_Memorize	18	0.16	-0.352732395108089
Probe_minus_Memorize	20	0.16	-0.365918228644649
Probe_minus_Memorize	22	0.16	-0.32978231770318
Probe_minus_Memorize	24	0.16	-0.251438745553359
Probe_minus_Memorize	26	0.16	-0.176934738550673
Probe_minus_Memorize	28	0.16	-0.119342811635375
Probe_minus_Memorize	30	0.16	-0.0254876122174992
Probe_minus_Memorize	4	0.2	0.338457077445718
Probe_minus_Memorize	6	0.2	0.0294727308840731
Probe_minus_Memorize	8	0.2	-1.04486260991263
Probe_minus_Memorize	10	0.2	-1.47170777537738
Probe_minus_Memorize	12	0.2	-1.18445784261731
Probe_minus_Memorize	14	0.2	-0.742867778199948
Probe_minus_Memorize	16	0.2	-0.47685897234493
Probe_minus_Memorize	18	0.2	-0.545260780983356
Probe_minus_Memorize	20	0.2	-0.597194610369405
Probe_minus_Memorize	22	0.2	-0.583331544595269
Probe_minus_Memorize	24	0.2	-0.550183803670038
Probe_minus_Memorize	26	0.2	-0.507013140743373
Probe_minus_Memorize	28	0.2	-0.455267471811829
Probe_minus_Memorize	30	0.2	-0.36368989023166
Probe_minus_Memorize	4	0.24	0.38549757288554
Probe_minus_Memorize	6	0.24	0.0328453206265768
Probe_minus_Memorize	8	0.24	-1.15616706684398
Probe_minus_Memorize	10	0.24	-1.6784960042245
Probe_minus_Memorize	12	0.24	-1.38353493770661
Probe_minus_Memorize	14	0.24	-0.886898748196734
Probe_minus_Memorize	16	0.24	-0.578654389584322
Probe_minus_Memorize	18	0.24	-0.575681457026
Probe_minus_Memorize	20	0.24	-0.601669035334511
Probe_minus_Memorize	22	0.24	-0.590630397104755
Probe_minus_Memorize	24	0.24	-0.575016065985254
Probe_minus_Memorize	26	0.24	-0.565837555350149
Probe_minus_Memorize	28	0.24	-0.541893337897444
Probe_minus_Memorize	30	0.24	-0.505323735991241
Probe_minus_Memorize	4	0.28	0.446363403483418
Probe_minus_Memorize	6	0.28	0.00807340568530611
Probe_minus_Memorize	8	0.28	-1.27668519312069
Probe_minus_Memorize	10	0.28	-1.92133402992068
Probe_minus_Memorize	12	0.28	-1.5647150883932
Probe_minus_Memorize	14	0.28	-1.01704048120571
Probe_minus_Memorize	16	0.28	-0.667027144186815
Probe_minus_Memorize	18	0.28	-0.643861260593463
Probe_minus_Memorize	20	0.28	-0.606542432437513
Probe_minus_Memorize	22	0.28	-0.552180996206275
Probe_minus_Memorize	24	0.28	-0.513527836592727
Probe_minus_Memorize	26	0.28	-0.506399299151989
Probe_minus_Memorize	28	0.28	-0.47239549154922
Probe_minus_Memorize	30	0.28	-0.43355200853803
Probe_minus_Memorize	4	0.32	0.521404326066023
Probe_minus_Memorize	6	0.32	-0.0642846371776579
Probe_minus_Memorize	8	0.32	-1.48967293780863
Probe_minus_Memorize	10	0.32	-2.23701134955922
Probe_minus_Memorize	12	0.32	-1.81326308528901
Probe_minus_Memorize	14	0.32	-1.19268463279103
Probe_minus_Memorize	16	0.32	-0.886328288297265
Probe_minus_Memorize	18	0.32	-0.887563230189686
Probe_minus_Memorize	20	0.32	-0.741195961460263
Probe_minus_Memorize	22	0.32	-0.604770128502679
Probe_minus_Memorize	24	0.32	-0.5216121625733
Probe_minus_Memorize	26	0.32	-0.498722133443463
Probe_minus_Memorize	28	0.32	-0.504474114226979
Probe_minus_Memorize	30	0.32	-0.505576124010268
Probe_minus_Memorize	4	0.36	0.604225402197218
Probe_minus_Memorize	6	0.36	-0.191773891871872
Probe_minus_Memorize	8	0.36	-1.81283950353098
Probe_minus_Memorize	10	0.36	-2.60887965178956
Probe_minus_Memorize	12	0.36	-2.13987423281651
Probe_minus_Memorize	14	0.36	-1.43330868341067
Probe_minus_Memorize	16	0.36	-1.11366292363442
Probe_minus_Memorize	18	0.36	-1.13904344511853
Probe_minus_Memorize	20	0.36	-1.02026493953325
Probe_minus_Memorize	22	0.36	-0.856523709204526
Probe_minus_Memorize	24	0.36	-0.717933557986789
Probe_minus_Memorize	26	0.36	-0.623553079509017
Probe_minus_Memorize	28	0.36	-0.541983106159007
Probe_minus_Memorize	30	0.36	-0.497366602903712
Probe_minus_Memorize	4	0.4	0.683444348376065
Probe_minus_Memorize	6	0.4	-0.369970014875528
Probe_minus_Memorize	8	0.4	-2.18753194296162
Probe_minus_Memorize	10	0.4	-2.98844020353052
Probe_minus_Memorize	12	0.4	-2.43963698010997
Probe_minus_Memorize	14	0.4	-1.61498329641467
Probe_minus_Memorize	16	0.4	-1.17423781914659
Probe_minus_Memorize	18	0.4	-1.24368889572996
Probe_minus_Memorize	20	0.4	-1.21272742177527
Probe_minus_Memorize	22	0.4	-1.02903505714134
Probe_minus_Memorize	24	0.4	-0.817014173503496
Probe_minus_Memorize	26	0.4	-0.681600643706484
Probe_minus_Memorize	28	0.4	-0.573753881594835
Probe_minus_Memorize	30	0.4	-0.524663568125463
Probe_minus_Memorize	4	0.44	0.749010326683925
Probe_minus_Memorize	6	0.44	-0.589538092949017
Probe_minus_Memorize	8	0.44	-2.56668041561031
Probe_minus_Memorize	10	0.44	-3.35953444200454
Probe_minus_Memorize	12	0.44	-2.68585640075642
Probe_minus_Memorize	14	0.44	-1.73829359553752
Probe_minus_Memorize	16	0.44	-1.20928007813634
Probe_minus_Memorize	18	0.44	-1.25893008104891
Probe_minus_Memorize	20	0.44	-1.27769567899862
Probe_minus_Memorize	22	0.44	-1.12392799065088
Probe_minus_Memorize	24	0.44	-0.886702376879291
Probe_minus_Memorize	26	0.44	-0.671929103153999
Probe_minus_Memorize	28	0.44	-0.465404915555425
Probe_minus_Memorize	30	0.44	-0.36635971668625
Probe_minus_Memorize	4	0.48	0.793384271892867
Probe_minus_Memorize	6	0.48	-0.8342059097045
Probe_minus_Memorize	8	0.48	-2.92524650996145
Probe_minus_Memorize	10	0.48	-3.71390686348006
Probe_minus_Memorize	12	0.48	-2.92155155091502
Probe_minus_Memorize	14	0.48	-1.85192012525119
Probe_minus_Memorize	16	0.48	-1.24521443702503
Probe_minus_Memorize	18	0.48	-1.24585325537894
Probe_minus_Memorize	20	0.48	-1.2377473434132
Probe_minus_Memorize	22	0.48	-1.04471452171546
Probe_minus_Memorize	24	0.48	-0.770470760947762
Probe_minus_Memorize	26	0.48	-0.542993468898175
Probe_minus_Memorize	28	0.48	-0.385482403986158
Probe_minus_Memorize	30	0.48	-0.322889865895917
Probe_minus_Memorize	4	0.52	0.809440266245147
Probe_minus_Memorize	6	0.52	-1.09054284076979
Probe_minus_Memorize	8	0.52	-3.26497256540194
Probe_minus_Memorize	10	0.52	-4.05924639286792
Probe_minus_Memorize	12	0.52	-3.1885525015205
Probe_minus_Memorize	14	0.52	-1.99557658724604
Probe_minus_Memorize	16	0.52	-1.30675306269553
Probe_minus_Memorize	18	0.52	-1.23548008118365
Probe_minus_Memorize	20	0.52	-1.18195510185671
Probe_minus_Memorize	22	0.52	-1.02394311717758
Probe_minus_Memorize	24	0.52	-0.841330433862025
Probe_minus_Memorize	26	0.52	-0.737167386117289
Probe_minus_Memorize	28	0.52	-0.652329372645986
Probe_minus_Memorize	30	0.52	-0.550223035208033
Probe_minus_Memorize	4	0.56	0.793205022720547
Probe_minus_Memorize	6	0.56	-1.33609533599239
Probe_minus_Memorize	8	0.56	-3.59732443353482
Probe_minus_Memorize	10	0.56	-4.36043705186177
Probe_minus_Memorize	12	0.56	-3.38205749779608
Probe_minus_Memorize	14	0.56	-2.09387004585365
Probe_minus_Memorize	16	0.56	-1.37724697606256
Probe_minus_Memorize	18	0.56	-1.30752939776028
Probe_minus_Memorize	20	0.56	-1.16313317416872
Probe_minus_Memorize	22	0.56	-0.901282476926363
Probe_minus_Memorize	24	0.56	-0.699985439905096
Probe_minus_Memorize	26	0.56	-0.587004983594429
Probe_minus_Memorize	28	0.56	-0.464013815591253
Probe_minus_Memorize	30	0.56	-0.420779357938101
Probe_minus_Memorize	4	0.6	0.748186702059159
Probe_minus_Memorize	6	0.6	-1.55301655428151
Probe_minus_Memorize	8	0.6	-3.9089948218394
Probe_minus_Memorize	10	0.6	-4.55666237810784
Probe_minus_Memorize	12	0.6	-3.43606961990391
Probe_minus_Memorize	14	0.6	-2.1193123609975
Probe_minus_Memorize	16	0.6	-1.40408870255297
Probe_minus_Memorize	18	0.6	-1.24457774529341
Probe_minus_Memorize	20	0.6	-1.08444291720422
Probe_minus_Memorize	22	0.6	-0.848929680924798
Probe_minus_Memorize	24	0.6	-0.665406113746106
Probe_minus_Memorize	26	0.6	-0.596276473246049
Probe_minus_Memorize	28	0.6	-0.563750829732033
Probe_minus_Memorize	30	0.6	-0.499800652599253
Probe_minus_Memorize	4	0.64	0.683471485346591
Probe_minus_Memorize	6	0.64	-1.73705764874012
Probe_minus_Memorize	8	0.64	-4.16923490274712
Probe_minus_Memorize	10	0.64	-4.61481480295052
Probe_minus_Memorize	12	0.64	-3.36006029607877
Probe_minus_Memorize	14	0.64	-2.10126767782675
Probe_minus_Memorize	16	0.64	-1.44677358765627
Probe_minus_Memorize	18	0.64	-1.25656198699055
Probe_minus_Memorize	20	0.64	-1.0646526944035
Probe_minus_Memorize	22	0.64	-0.863292659385106
Probe_minus_Memorize	24	0.64	-0.700742327139654
Probe_minus_Memorize	26	0.64	-0.601106585617698
Probe_minus_Memorize	28	0.64	-0.512351752751623
Probe_minus_Memorize	30	0.64	-0.480467592123102
Probe_minus_Memorize	4	0.68	0.607766704696258
Probe_minus_Memorize	6	0.68	-1.88767718049773
Probe_minus_Memorize	8	0.68	-4.32509201449824
Probe_minus_Memorize	10	0.68	-4.54391531109818
Probe_minus_Memorize	12	0.68	-3.19713240617122
Probe_minus_Memorize	14	0.68	-1.93580635672455
Probe_minus_Memorize	16	0.68	-1.38515491314703
Probe_minus_Memorize	18	0.68	-1.24762958431538
Probe_minus_Memorize	20	0.68	-1.09351228957595
Probe_minus_Memorize	22	0.68	-0.834826389909462
Probe_minus_Memorize	24	0.68	-0.613491986987656
Probe_minus_Memorize	26	0.68	-0.486496860857823
Probe_minus_Memorize	28	0.68	-0.354707723589784
Probe_minus_Memorize	30	0.68	-0.28168653279773
Probe_minus_Memorize	4	0.72	0.529045410363425
Probe_minus_Memorize	6	0.72	-2.00289518918872
Probe_minus_Memorize	8	0.72	-4.34854213150031
Probe_minus_Memorize	10	0.72	-4.38987809768372
Probe_minus_Memorize	12	0.72	-2.97030877900745
Probe_minus_Memorize	14	0.72	-1.65333004181738
Probe_minus_Memorize	16	0.72	-1.11327134566637
Probe_minus_Memorize	18	0.72	-1.0103124714499
Probe_minus_Memorize	20	0.72	-0.927099251007161
Probe_minus_Memorize	22	0.72	-0.746013351357438
Probe_minus_Memorize	24	0.72	-0.572923057254635
Probe_minus_Memorize	26	0.72	-0.462823417108579
Probe_minus_Memorize	28	0.72	-0.354039302635368
Probe_minus_Memorize	30	0.72	-0.246778446319627
Probe_minus_Memorize	4	0.76	0.453861619447983
Probe_minus_Memorize	6	0.76	-2.07417403414447
Probe_minus_Memorize	8	0.76	-4.24069071202663
Probe_minus_Memorize	10	0.76	-4.19131671714672
Probe_minus_Memorize	12	0.76	-2.72524156386349
Probe_minus_Memorize	14	0.76	-1.38713803202477
Probe_minus_Memorize	16	0.76	-0.84004696361674
Probe_minus_Memorize	18	0.76	-0.833768616318986
Probe_minus_Memorize	20	0.76	-0.807086903666452
Probe_minus_Memorize	22	0.76	-0.705506933228628
Probe_minus_Memorize	24	0.76	-0.598875203872795
Probe_minus_Memorize	26	0.76	-0.468795672506827
Probe_minus_Memorize	28	0.76	-0.297568283913088
Probe_minus_Memorize	30	0.76	-0.176289560805416
Probe_minus_Memorize	4	0.8	0.387295847684804
Probe_minus_Memorize	6	0.8	-2.09143277654078
Probe_minus_Memorize	8	0.8	-4.03940053666068
Probe_minus_Memorize	10	0.8	-3.94383670978237
Probe_minus_Memorize	12	0.8	-2.49273589451906
Probe_minus_Memorize	14	0.8	-1.17050339672984
Probe_minus_Memorize	16	0.8	-0.662944388296299
Probe_minus_Memorize	18	0.8	-0.683795660082715
Probe_minus_Memorize	20	0.8	-0.733723357144795
Probe_minus_Memorize	22	0.8	-0.635252021137099
Probe_minus_Memorize	24	0.8	-0.484150936048355
Probe_minus_Memorize	26	0.8	-0.38016679366274
Probe_minus_Memorize	28	0.8	-0.282843668391025
Probe_minus_Memorize	30	0.8	-0.213498149379486
Probe_minus_Memorize	4	0.84	0.334647660095848
Probe_minus_Memorize	6	0.84	-2.05139986366623
Probe_minus_Memorize	8	0.84	-3.7975433214313
Probe_minus_Memorize	10	0.84	-3.65196757846196
Probe_minus_Memorize	12	0.84	-2.25374798801677
Probe_minus_Memorize	14	0.84	-1.03771486140376
Probe_minus_Memorize	16	0.84	-0.5807911236653
Probe_minus_Memorize	18	0.84	-0.584423634298298
Probe_minus_Memorize	20	0.84	-0.556918002109902
Probe_minus_Memorize	22	0.84	-0.455755787097121
Probe_minus_Memorize	24	0.84	-0.395782591641298
Probe_minus_Memorize	26	0.84	-0.394079963228848
Probe_minus_Memorize	28	0.84	-0.406946713821603
Probe_minus_Memorize	30	0.84	-0.358515981419963
Probe_minus_Memorize	4	0.88	0.302591329354039
Probe_minus_Memorize	6	0.88	-1.9623629425027
Probe_minus_Memorize	8	0.88	-3.55992614294372
Probe_minus_Memorize	10	0.88	-3.35273441552445
Probe_minus_Memorize	12	0.88	-1.97768363976261
Probe_minus_Memorize	14	0.88	-0.897845165335301
Probe_minus_Memorize	16	0.88	-0.479052018725073
Probe_minus_Memorize	18	0.88	-0.476626799354676
Probe_minus_Memorize	20	0.88	-0.521091484974119
Probe_minus_Memorize	22	0.88	-0.50479047368901
Probe_minus_Memorize	24	0.88	-0.46959301319859
Probe_minus_Memorize	26	0.88	-0.416909904377675
Probe_minus_Memorize	28	0.88	-0.304117231657765
Probe_minus_Memorize	30	0.88	-0.293709549445757
Probe_minus_Memorize	4	0.92	0.297269223159654
Probe_minus_Memorize	6	0.92	-1.84334966906623
Probe_minus_Memorize	8	0.92	-3.36212002228027
Probe_minus_Memorize	10	0.92	-3.08241697695727
Probe_minus_Memorize	12	0.92	-1.69892278745451
Probe_minus_Memorize	14	0.92	-0.6532749235619
Probe_minus_Memorize	16	0.92	-0.303031318255808
Probe_minus_Memorize	18	0.92	-0.323191825346402
Probe_minus_Memorize	20	0.92	-0.384917460252072
Probe_minus_Memorize	22	0.92	-0.37949487002684
Probe_minus_Memorize	24	0.92	-0.31635142686936
Probe_minus_Memorize	26	0.92	-0.201675295929292
Probe_minus_Memorize	28	0.92	-0.0404065592162747
Probe_minus_Memorize	30	0.92	0.00197002766535793
Probe_minus_Memorize	4	0.96	0.319481349900861
Probe_minus_Memorize	6	0.96	-1.71489506550487
Probe_minus_Memorize	8	0.96	-3.22227227099433
Probe_minus_Memorize	10	0.96	-2.85048309238843
Probe_minus_Memorize	12	0.96	-1.46309891562089
Probe_minus_Memorize	14	0.96	-0.38425754550568
Probe_minus_Memorize	16	0.96	-0.139678929556386
Probe_minus_Memorize	18	0.96	-0.281307160976401
Probe_minus_Memorize	20	0.96	-0.310397578971479
Probe_minus_Memorize	22	0.96	-0.242638988270468
Probe_minus_Memorize	24	0.96	-0.138382432372216
Probe_minus_Memorize	26	0.96	-0.0435802064122998
Probe_minus_Memorize	28	0.96	-0.00881533837559927
Probe_minus_Memorize	30	0.96	-0.0220290049483235
Probe_minus_Memorize	4	1	0.364013005503445
Probe_minus_Memorize	6	1	-1.59127676763772
Probe_minus_Memorize	8	1	-3.13287219451221
Probe_minus_Memorize	10	1	-2.64767476756933
Probe_minus_Memorize	12	1	-1.26078128394038
Probe_minus_Memorize	14	1	-0.228635220985592
Probe_minus_Memorize	16	1	-0.0356454656801629
Probe_minus_Memorize	18	1	-0.28392860857198
Probe_minus_Memorize	20	1	-0.439315932550558
Probe_minus_Memorize	22	1	-0.43490478608056
Probe_minus_Memorize	24	1	-0.358376847832244
Probe_minus_Memorize	26	1	-0.297210332094444
Probe_minus_Memorize	28	1	-0.245099648388703
Probe_minus_Memorize	30	1	-0.170508314338001
Probe_minus_Memorize	4	1.04	0.425452955743286
Probe_minus_Memorize	6	1.04	-1.4763398470982
Probe_minus_Memorize	8	1.04	-3.05380897281004
Probe_minus_Memorize	10	1.04	-2.47712753987564
Probe_minus_Memorize	12	1.04	-1.09886826126746
Probe_minus_Memorize	14	1.04	-0.181115241251053
Probe_minus_Memorize	16	1.04	-0.057201164427849
Probe_minus_Memorize	18	1.04	-0.198113619085399
Probe_minus_Memorize	20	1.04	-0.286995581231755
Probe_minus_Memorize	22	1.04	-0.302559956927174
Probe_minus_Memorize	24	1.04	-0.314243012420588
Probe_minus_Memorize	26	1.04	-0.307957934103987
Probe_minus_Memorize	28	1.04	-0.232423324822953
Probe_minus_Memorize	30	1.04	-0.144991688908414
Probe_minus_Memorize	4	1.08	0.498941919652016
Probe_minus_Memorize	6	1.08	-1.36130597621702
Probe_minus_Memorize	8	1.08	-2.94453122824004
Probe_minus_Memorize	10	1.08	-2.35635024062649
Probe_minus_Memorize	12	1.08	-1.01112977728649
Probe_minus_Memorize	14	1.08	-0.145410270768946
Probe_minus_Memorize	16	1.08	-0.018776232760398
Probe_minus_Memorize	18	1.08	-0.0410856370411298
Probe_minus_Memorize	20	1.08	0.00423647083197109
Probe_minus_Memorize	22	1.08	0.0403610690310753
Probe_minus_Memorize	24	1.08	-0.00689478314035158
Probe_minus_Memorize	26	1.08	-0.103750993279277
Probe_minus_Memorize	28	1.08	-0.145427387034957
Probe_minus_Memorize	30	1.08	-0.135645774649198
Probe_minus_Memorize	4	1.12	0.575153799659358
Probe_minus_Memorize	6	1.12	-1.25154850387746
Probe_minus_Memorize	8	1.12	-2.80112589840853
Probe_minus_Memorize	10	1.12	-2.29491101846581
Probe_minus_Memorize	12	1.12	-0.989106818640705
Probe_minus_Memorize	14	1.12	-0.121607401451911
Probe_minus_Memorize	16	1.12	0.0797541042234475
Probe_minus_Memorize	18	1.12	0.00748504596053776
Probe_minus_Memorize	20	1.12	0.0065184884736065
Probe_minus_Memorize	22	1.12	0.0818063136461552
Probe_minus_Memorize	24	1.12	0.146816495222499
Probe_minus_Memorize	26	1.12	0.164196484092985
Probe_minus_Memorize	28	1.12	0.179633425397102
Probe_minus_Memorize	30	1.12	0.12944778113402
Probe_minus_Memorize	4	1.16	0.648293337866211
Probe_minus_Memorize	6	1.16	-1.16145834605662
Probe_minus_Memorize	8	1.16	-2.66872205500759
Probe_minus_Memorize	10	1.16	-2.26532823645916
Probe_minus_Memorize	12	1.16	-0.966910570236736
Probe_minus_Memorize	14	1.16	-0.0641529815222471
Probe_minus_Memorize	16	1.16	0.135144444208971
Probe_minus_Memorize	18	1.16	0.0315925772232094
Probe_minus_Memorize	20	1.16	-0.0301355284780101
Probe_minus_Memorize	22	1.16	-0.0161661796785644
Probe_minus_Memorize	24	1.16	0.0418353854597327
Probe_minus_Memorize	26	1.16	0.0812250358896174
Probe_minus_Memorize	28	1.16	0.0814536050522187
Probe_minus_Memorize	30	1.16	0.101299566914285
Probe_minus_Memorize	4	1.2	0.711466140858279
Probe_minus_Memorize	6	1.2	-1.09103736461761
Probe_minus_Memorize	8	1.2	-2.57729780928501
Probe_minus_Memorize	10	1.2	-2.21645281320948
Probe_minus_Memorize	12	1.2	-0.920031038695449
Probe_minus_Memorize	14	1.2	-0.00574857791974439
Probe_minus_Memorize	16	1.2	0.16980395476044
Probe_minus_Memorize	18	1.2	0.00420619743881221
Probe_minus_Memorize	20	1.2	-0.0876463689877539
Probe_minus_Memorize	22	1.2	-0.11232358240417
Probe_minus_Memorize	24	1.2	-0.090662707557518
Probe_minus_Memorize	26	1.2	-0.0404823784739269
Probe_minus_Memorize	28	1.2	0.0370642810962874
Probe_minus_Memorize	30	1.2	0.128079190167113
Probe_minus_Memorize	4	1.24	0.757951188763672
Probe_minus_Memorize	6	1.24	-1.02818891871734
Probe_minus_Memorize	8	1.24	-2.51422981327115
Probe_minus_Memorize	10	1.24	-2.13851874029921
Probe_minus_Memorize	12	1.24	-0.831763148602894
Probe_minus_Memorize	14	1.24	0.00831406275410356
Probe_minus_Memorize	16	1.24	0.133132045906329
Probe_minus_Memorize	18	1.24	0.00510807052453115
Probe_minus_Memorize	20	1.24	-0.063294394623802
Probe_minus_Memorize	22	1.24	-0.0922515866045934
Probe_minus_Memorize	24	1.24	-0.108587762826174
Probe_minus_Memorize	26	1.24	-0.105312694783121
Probe_minus_Memorize	28	1.24	-0.0506780185795151
Probe_minus_Memorize	30	1.24	-0.0174988951181867
Probe_minus_Memorize	4	1.28	0.781489331639116
Probe_minus_Memorize	6	1.28	-0.959298794677649
Probe_minus_Memorize	8	1.28	-2.44031690581204
Probe_minus_Memorize	10	1.28	-2.03470022073206
Probe_minus_Memorize	12	1.28	-0.724717293437046
Probe_minus_Memorize	14	1.28	0.0761168725532791
Probe_minus_Memorize	16	1.28	0.185366136188261
Probe_minus_Memorize	18	1.28	0.12458859611696
Probe_minus_Memorize	20	1.28	0.0900060885470889
Probe_minus_Memorize	22	1.28	0.0604975713710438
Probe_minus_Memorize	24	1.28	0.0164271013281976
Probe_minus_Memorize	26	1.28	-0.011028187618933
Probe_minus_Memorize	28	1.28	-0.0238899684957189
Probe_minus_Memorize	30	1.28	0.0157115726895228
Probe_minus_Memorize	4	1.32	0.78020823692599
Probe_minus_Memorize	6	1.32	-0.879733707726343
Probe_minus_Memorize	8	1.32	-2.33690871615379
Probe_minus_Memorize	10	1.32	-1.90881654176903
Probe_minus_Memorize	12	1.32	-0.62048092871388
Probe_minus_Memorize	14	1.32	0.19630662783764
Probe_minus_Memorize	16	1.32	0.365463608328122
Probe_minus_Memorize	18	1.32	0.253897472322534
Probe_minus_Memorize	20	1.32	0.185050072558289
Probe_minus_Memorize	22	1.32	0.156238155593451
Probe_minus_Memorize	24	1.32	0.0981329023072518
Probe_minus_Memorize	26	1.32	0.0332814462013952
Probe_minus_Memorize	28	1.32	0.0276547091999888
Probe_minus_Memorize	30	1.32	0.0350346053510719
Probe_minus_Memorize	4	1.36	0.757234232048713
Probe_minus_Memorize	6	1.36	-0.810916966250276
Probe_minus_Memorize	8	1.36	-2.21080289184332
Probe_minus_Memorize	10	1.36	-1.76992145412954
Probe_minus_Memorize	12	1.36	-0.518108648052564
Probe_minus_Memorize	14	1.36	0.289696211401018
Probe_minus_Memorize	16	1.36	0.408932004615009
Probe_minus_Memorize	18	1.36	0.287129167830164
Probe_minus_Memorize	20	1.36	0.240025325794355
Probe_minus_Memorize	22	1.36	0.215505707364243
Probe_minus_Memorize	24	1.36	0.181151008620863
Probe_minus_Memorize	26	1.36	0.158742269582805
Probe_minus_Memorize	28	1.36	0.180568620965838
Probe_minus_Memorize	30	1.36	0.226416442599261
Probe_minus_Memorize	4	1.4	0.719425650284944
Probe_minus_Memorize	6	1.4	-0.77686630185228
Probe_minus_Memorize	8	1.4	-2.10046623448074
Probe_minus_Memorize	10	1.4	-1.65115276101807
Probe_minus_Memorize	12	1.4	-0.439832162833039
Probe_minus_Memorize	14	1.4	0.319092491899
Probe_minus_Memorize	16	1.4	0.399717265867094
Probe_minus_Memorize	18	1.4	0.276574029391107
Probe_minus_Memorize	20	1.4	0.237776888059875
Probe_minus_Memorize	22	1.4	0.202214716627899
Probe_minus_Memorize	24	1.4	0.113214772118441
Probe_minus_Memorize	26	1.4	0.0489929071704616
Probe_minus_Memorize	28	1.4	0.0453924043806503
Probe_minus_Memorize	30	1.4	0.153185962608571
Probe_minus_Ignore	4	0	0.0763393638514421
Probe_minus_Ignore	6	0	-0.0667698631068003
Probe_minus_Ignore	8	0	-0.273430749554711
Probe_minus_Ignore	10	0	-0.249412509126832
Probe_minus_Ignore	12	0	-0.0240604126433465
Probe_minus_Ignore	14	0	0.144420180068325
Probe_minus_Ignore	16	0	0.141999200421596
Probe_minus_Ignore	18	0	-0.0119148806395527
Probe_minus_Ignore	20	0	-0.0759848168871527
Probe_minus_Ignore	22	0	-0.120546397726973
Probe_minus_Ignore	24	0	-0.161800634888532
Probe_minus_Ignore	26	0	-0.18368127474956
Probe_minus_Ignore	28	0	-0.146412345542471
Probe_minus_Ignore	30	0	-0.133161022614223
Probe_minus_Ignore	4	0.04	0.0656291283240426
Probe_minus_Ignore	6	0.04	-0.0748915458727501
Probe_minus_Ignore	8	0.04	-0.406668366537508
Probe_minus_Ignore	10	0.04	-0.447020653623907
Probe_minus_Ignore	12	0.04	-0.215086157971874
Probe_minus_Ignore	14	0.04	-0.022655505897701
Probe_minus_Ignore	16	0.04	-0.000746869527588946
Probe_minus_Ignore	18	0.04	-0.172521017141858
Probe_minus_Ignore	20	0.04	-0.276990689358084
Probe_minus_Ignore	22	0.04	-0.283514174597411
Probe_minus_Ignore	24	0.04	-0.20657949996582
Probe_minus_Ignore	26	0.04	-0.117936285317176
Probe_minus_Ignore	28	0.04	-0.00761364818033267
Probe_minus_Ignore	30	0.04	0.0605873146094203
Probe_minus_Ignore	4	0.0800000000000001	0.0533918123899927
Probe_minus_Ignore	6	0.0800000000000001	-0.101179382656245
Probe_minus_Ignore	8	0.0800000000000001	-0.58479888763035
Probe_minus_Ignore	10	0.0800000000000001	-0.751210516880055
Probe_minus_Ignore	12	0.0800000000000001	-0.480217594672446
Probe_minus_Ignore	14	0.0800000000000001	-0.16802140983619
Probe_minus_Ignore	16	0.0800000000000001	-0.0848993326417521
Probe_minus_Ignore	18	0.0800000000000001	-0.234221800750776
Probe_minus_Ignore	20	0.0800000000000001	-0.300324249619004
Probe_minus_Ignore	22	0.0800000000000001	-0.280563735234662
Probe_minus_Ignore	24	0.0800000000000001	-0.219074668981477
Probe_minus_Ignore	26	0.0800000000000001	-0.136984643165644
Probe_minus_Ignore	28	0.0800000000000001	-0.0737184090994053
Probe_minus_Ignore	30	0.0800000000000001	-0.0323940506954135
Probe_minus_Ignore	4	0.12	0.0429914692545143
Probe_minus_Ignore	6	0.12	-0.129490556427576
Probe_minus_Ignore	8	0.12	-0.796877505158571
Probe_minus_Ignore	10	0.12	-1.10200806192801
Probe_minus_Ignore	12	0.12	-0.774843283173821
Probe_minus_Ignore	14	0.12	-0.380502083195322
Probe_minus_Ignore	16	0.12	-0.186008899215813
Probe_minus_Ignore	18	0.12	-0.237093961656775
Probe_minus_Ignore	20	0.12	-0.269545021265228
Probe_minus_Ignore	22	0.12	-0.273177668572701
Probe_minus_Ignore	24	0.12	-0.251616454673705
Probe_minus_Ignore	26	0.12	-0.187410463366106
Probe_minus_Ignore	28	0.12	-0.0608623565404095
Probe_minus_Ignore	30	0.12	-0.0126107505466472
Probe_minus_Ignore	4	0.16	0.0385996830831889
Probe_minus_Ignore	6	0.16	-0.153320608239895
Probe_minus_Ignore	8	0.16	-1.0147562753062
Probe_minus_Ignore	10	0.16	-1.42855188761575
Probe_minus_Ignore	12	0.16	-1.07184566637902
Probe_minus_Ignore	14	0.16	-0.588920740824434
Probe_minus_Ignore	16	0.16	-0.334654337526919
Probe_minus_Ignore	18	0.16	-0.346729485523901
Probe_minus_Ignore	20	0.16	-0.342001339108938
Probe_minus_Ignore	22	0.16	-0.305794378668908
Probe_minus_Ignore	24	0.16	-0.229716155692675
Probe_minus_Ignore	26	0.16	-0.131348276147767
Probe_minus_Ignore	28	0.16	-0.0670986242866566
Probe_minus_Ignore	30	0.16	0.0492778739175642
Probe_minus_Ignore	4	0.2	0.040370115719416
Probe_minus_Ignore	6	0.2	-0.174790259812944
Probe_minus_Ignore	8	0.2	-1.22086154897474
Probe_minus_Ignore	10	0.2	-1.7124312178672
Probe_minus_Ignore	12	0.2	-1.34279585896503
Probe_minus_Ignore	14	0.2	-0.755297796580686
Probe_minus_Ignore	16	0.2	-0.415938470268377
Probe_minus_Ignore	18	0.2	-0.46482975644536
Probe_minus_Ignore	20	0.2	-0.517332232928676
Probe_minus_Ignore	22	0.2	-0.507019704147591
Probe_minus_Ignore	24	0.2	-0.506238142787973
Probe_minus_Ignore	26	0.2	-0.519486756181257
Probe_minus_Ignore	28	0.2	-0.500287624904803
Probe_minus_Ignore	30	0.2	-0.40157092957243
Probe_minus_Ignore	4	0.24	0.0491198185265325
Probe_minus_Ignore	6	0.24	-0.210610917074774
Probe_minus_Ignore	8	0.24	-1.41032002694176
Probe_minus_Ignore	10	0.24	-1.98080607117808
Probe_minus_Ignore	12	0.24	-1.56925646609916
Probe_minus_Ignore	14	0.24	-0.91131951940288
Probe_minus_Ignore	16	0.24	-0.516496370918737
Probe_minus_Ignore	18	0.24	-0.487086742587902
Probe_minus_Ignore	20	0.24	-0.460210773585636
Probe_minus_Ignore	22	0.24	-0.418164338677528
Probe_minus_Ignore	24	0.24	-0.392649795322231
Probe_minus_Ignore	26	0.24	-0.387634155753462
Probe_minus_Ignore	28	0.24	-0.36412555196289
Probe_minus_Ignore	30	0.24	-0.386974863851559
Probe_minus_Ignore	4	0.28	0.0690926259237943
Probe_minus_Ignore	6	0.28	-0.282458136183185
Probe_minus_Ignore	8	0.28	-1.61997622221141
Probe_minus_Ignore	10	0.28	-2.27561037074214
Probe_minus_Ignore	12	0.28	-1.76465734481602
Probe_minus_Ignore	14	0.28	-1.06399850172418
Probe_minus_Ignore	16	0.28	-0.681974440314114
Probe_minus_Ignore	18	0.28	-0.658077307835838
Probe_minus_Ignore	20	0.28	-0.523643921342104
Probe_minus_Ignore	22	0.28	-0.39598393294682
Probe_minus_Ignore	24	0.28	-0.315945369030407
Probe_minus_Ignore	26	0.28	-0.267152318500586
Probe_minus_Ignore	28	0.28	-0.2063450952194
Probe_minus_Ignore	30	0.28	-0.146134599521634
Probe_minus_Ignore	4	0.32	0.10128988837408
Probe_minus_Ignore	6	0.32	-0.407536362777641
Probe_minus_Ignore	8	0.32	-1.91139807430038
Probe_minus_Ignore	10	0.32	-2.64885164448761
Probe_minus_Ignore	12	0.32	-2.03163194976287
Probe_minus_Ignore	14	0.32	-1.26535620143284
Probe_minus_Ignore	16	0.32	-0.957334603953947
Probe_minus_Ignore	18	0.32	-0.991634165594159
Probe_minus_Ignore	20	0.32	-0.803751725907886
Probe_minus_Ignore	22	0.32	-0.610187477063413
Probe_minus_Ignore	24	0.32	-0.481303834054622
Probe_minus_Ignore	26	0.32	-0.435237989752629
Probe_minus_Ignore	28	0.32	-0.439512696060756
Probe_minus_Ignore	30	0.32	-0.413162173165947
Probe_minus_Ignore	4	0.36	0.14022523818758
Probe_minus_Ignore	6	0.36	-0.588919461850472
Probe_minus_Ignore	8	0.36	-2.30236094304197
Probe_minus_Ignore	10	0.36	-3.09182746924975
Probe_minus_Ignore	12	0.36	-2.42136771548576
Probe_minus_Ignore	14	0.36	-1.57608361379055
Probe_minus_Ignore	16	0.36	-1.21699319376352
Probe_minus_Ignore	18	0.36	-1.27518001509463
Probe_minus_Ignore	20	0.36	-1.13726037913526
Probe_minus_Ignore	22	0.36	-0.911577877869226
Probe_minus_Ignore	24	0.36	-0.700052688959287
Probe_minus_Ignore	26	0.36	-0.565173989315966
Probe_minus_Ignore	28	0.36	-0.471796836742367
Probe_minus_Ignore	30	0.36	-0.470134584968515
Probe_minus_Ignore	4	0.4	0.177542669633445
Probe_minus_Ignore	6	0.4	-0.817187890744744
Probe_minus_Ignore	8	0.4	-2.76055247328294
Probe_minus_Ignore	10	0.4	-3.55602933910377
Probe_minus_Ignore	12	0.4	-2.83991274499288
Probe_minus_Ignore	14	0.4	-1.89392547318117
Probe_minus_Ignore	16	0.4	-1.43926545873481
Probe_minus_Ignore	18	0.4	-1.5145158360085
Probe_minus_Ignore	20	0.4	-1.38783759830848
Probe_minus_Ignore	22	0.4	-1.10958168788571
Probe_minus_Ignore	24	0.4	-0.82343838501936
Probe_minus_Ignore	26	0.4	-0.6360271741111
Probe_minus_Ignore	28	0.4	-0.503547595576692
Probe_minus_Ignore	30	0.4	-0.445603824502843
Probe_minus_Ignore	4	0.44	0.205710660515712
Probe_minus_Ignore	6	0.44	-1.07515247212308
Probe_minus_Ignore	8	0.44	-3.26185342637444
Probe_minus_Ignore	10	0.44	-4.03897796874356
Probe_minus_Ignore	12	0.44	-3.22146877466376
Probe_minus_Ignore	14	0.44	-2.19507521168282
Probe_minus_Ignore	16	0.44	-1.64484822282172
Probe_minus_Ignore	18	0.44	-1.65416310885425
Probe_minus_Ignore	20	0.44	-1.52183185115561
Probe_minus_Ignore	22	0.44	-1.25597305834325
Probe_minus_Ignore	24	0.44	-0.968848767696395
Probe_minus_Ignore	26	0.44	-0.740996792846278
Probe_minus_Ignore	28	0.44	-0.540571297993396
Probe_minus_Ignore	30	0.44	-0.448411988037929
Probe_minus_Ignore	4	0.48	0.222359487181354
Probe_minus_Ignore	6	0.48	-1.34673984782191
Probe_minus_Ignore	8	0.48	-3.76792724546834
Probe_minus_Ignore	10	0.48	-4.52718510434401
Probe_minus_Ignore	12	0.48	-3.59130338576538
Probe_minus_Ignore	14	0.48	-2.46050460032255
Probe_minus_Ignore	16	0.48	-1.80134395028334
Probe_minus_Ignore	18	0.48	-1.73050162964092
Probe_minus_Ignore	20	0.48	-1.57443531771488
Probe_minus_Ignore	22	0.48	-1.23488242976737
Probe_minus_Ignore	24	0.48	-0.85060045851598
Probe_minus_Ignore	26	0.48	-0.557968919727068
Probe_minus_Ignore	28	0.48	-0.357172532699296
Probe_minus_Ignore	30	0.48	-0.311554088580056
Probe_minus_Ignore	4	0.52	0.225821885202312
Probe_minus_Ignore	6	0.52	-1.62514401230026
Probe_minus_Ignore	8	0.52	-4.2372590625127
Probe_minus_Ignore	10	0.52	-4.98492510019868
Probe_minus_Ignore	12	0.52	-3.94449344658373
Probe_minus_Ignore	14	0.52	-2.69125087370791
Probe_minus_Ignore	16	0.52	-1.92852035337358
Probe_minus_Ignore	18	0.52	-1.75622026922464
Probe_minus_Ignore	20	0.52	-1.56450194941297
Probe_minus_Ignore	22	0.52	-1.28195651841277
Probe_minus_Ignore	24	0.52	-1.01283031654139
Probe_minus_Ignore	26	0.52	-0.847551159514822
Probe_minus_Ignore	28	0.52	-0.727636497871909
Probe_minus_Ignore	30	0.52	-0.590781138520362
Probe_minus_Ignore	4	0.56	0.214813274329963
Probe_minus_Ignore	6	0.56	-1.89388792558464
Probe_minus_Ignore	8	0.56	-4.64074676804693
Probe_minus_Ignore	10	0.56	-5.34073708315845
Probe_minus_Ignore	12	0.56	-4.16487320686326
Probe_minus_Ignore	14	0.56	-2.79619630851688
Probe_minus_Ignore	16	0.56	-2.00251789716666
Probe_minus_Ignore	18	0.56	-1.76512863483868
Probe_minus_Ignore	20	0.56	-1.46561253054608
Probe_minus_Ignore	22	0.56	-1.09165404641909
Probe_minus_Ignore	24	0.56	-0.82871761827554
Probe_minus_Ignore	26	0.56	-0.678855643292433
Probe_minus_Ignore	28	0.56	-0.532376359531203
Probe_minus_Ignore	30	0.56	-0.5115387591174
Probe_minus_Ignore	4	0.6	0.190115708723579
Probe_minus_Ignore	6	0.6	-2.1325097376693
Probe_minus_Ignore	8	0.6	-4.93999672785023
Probe_minus_Ignore	10	0.6	-5.51469148701737
Probe_minus_Ignore	12	0.6	-4.21757056281944
Probe_minus_Ignore	14	0.6	-2.78922197613356
Probe_minus_Ignore	16	0.6	-1.93627994581965
Probe_minus_Ignore	18	0.6	-1.60431861221032
Probe_minus_Ignore	20	0.6	-1.31566722815443
Probe_minus_Ignore	22	0.6	-0.990802021702874
Probe_minus_Ignore	24	0.6	-0.730945415851094
Probe_minus_Ignore	26	0.6	-0.572313297993995
Probe_minus_Ignore	28	0.6	-0.466528870466639
Probe_minus_Ignore	30	0.6	-0.428833415069781
Probe_minus_Ignore	4	0.64	0.156094720317186
Probe_minus_Ignore	6	0.64	-2.32686132631862
Probe_minus_Ignore	8	0.64	-5.11840323974737
Probe_minus_Ignore	10	0.64	-5.49947547252697
Probe_minus_Ignore	12	0.64	-4.09469065261731
Probe_minus_Ignore	14	0.64	-2.70269346997075
Probe_minus_Ignore	16	0.64	-1.85863285561267
Probe_minus_Ignore	18	0.64	-1.51636096320962
Probe_minus_Ignore	20	0.64	-1.21764344583892
Probe_minus_Ignore	22	0.64	-0.934764565335023
Probe_minus_Ignore	24	0.64	-0.720152521521331
Probe_minus_Ignore	26	0.64	-0.595572215451182
Probe_minus_Ignore	28	0.64	-0.516249664463316
Probe_minus_Ignore	30	0.64	-0.463463706708043
Probe_minus_Ignore	4	0.68	0.117853170855972
Probe_minus_Ignore	6	0.68	-2.47064863536744
Probe_minus_Ignore	8	0.68	-5.16310797838701
Probe_minus_Ignore	10	0.68	-5.34330874280755
Probe_minus_Ignore	12	0.68	-3.84240583464413
Probe_minus_Ignore	14	0.68	-2.41785758478937
Probe_minus_Ignore	16	0.68	-1.71719458598255
Probe_minus_Ignore	18	0.68	-1.44572246466258
Probe_minus_Ignore	20	0.68	-1.15716350382518
Probe_minus_Ignore	22	0.68	-0.820294801748569
Probe_minus_Ignore	24	0.68	-0.602351171724727
Probe_minus_Ignore	26	0.68	-0.516723015196837
Probe_minus_Ignore	28	0.68	-0.412883152586884
Probe_minus_Ignore	30	0.68	-0.35880359427475
Probe_minus_Ignore	4	0.72	0.0828491792220616
Probe_minus_Ignore	6	0.72	-2.55586650488595
Probe_minus_Ignore	8	0.72	-5.08196177475678
Probe_minus_Ignore	10	0.72	-5.10376125240362
Probe_minus_Ignore	12	0.72	-3.52495522600464
Probe_minus_Ignore	14	0.72	-1.99316889898303
Probe_minus_Ignore	16	0.72	-1.32511601282788
Probe_minus_Ignore	18	0.72	-1.16847958243818
Probe_minus_Ignore	20	0.72	-1.04506292678332
Probe_minus_Ignore	22	0.72	-0.822780694156678
Probe_minus_Ignore	24	0.72	-0.613293116425706
Probe_minus_Ignore	26	0.72	-0.459590463276556
Probe_minus_Ignore	28	0.72	-0.343406638366232
Probe_minus_Ignore	30	0.72	-0.236664022602733
Probe_minus_Ignore	4	0.76	0.0573345948568231
Probe_minus_Ignore	6	0.76	-2.5763419598576
Probe_minus_Ignore	8	0.76	-4.90045127598128
Probe_minus_Ignore	10	0.76	-4.83011884470176
Probe_minus_Ignore	12	0.76	-3.20008130420729
Probe_minus_Ignore	14	0.76	-1.63464704346593
Probe_minus_Ignore	16	0.76	-0.964418518474725
Probe_minus_Ignore	18	0.76	-0.957977359045498
Probe_minus_Ignore	20	0.76	-0.960320893960676
Probe_minus_Ignore	22	0.76	-0.865679819889664
Probe_minus_Ignore	24	0.76	-0.744985549060523
Probe_minus_Ignore	26	0.76	-0.62745905166891
Probe_minus_Ignore	28	0.76	-0.479576692742868
Probe_minus_Ignore	30	0.76	-0.397028818215661
Probe_minus_Ignore	4	0.8	0.0465194412394595
Probe_minus_Ignore	6	0.8	-2.53513358253142
Probe_minus_Ignore	8	0.8	-4.65723336251219
Probe_minus_Ignore	10	0.8	-4.53551363012426
Probe_minus_Ignore	12	0.8	-2.9105664092479
Probe_minus_Ignore	14	0.8	-1.35837147433041
Probe_minus_Ignore	16	0.8	-0.778903077575331
Probe_minus_Ignore	18	0.8	-0.803872708366299
Probe_minus_Ignore	20	0.8	-0.84909613474185
Probe_minus_Ignore	22	0.8	-0.723929073984012
Probe_minus_Ignore	24	0.8	-0.540548076390545
Probe_minus_Ignore	26	0.8	-0.406497603728453
Probe_minus_Ignore	28	0.8	-0.268070557939545
Probe_minus_Ignore	30	0.8	-0.206644157101233
Probe_minus_Ignore	4	0.84	0.0545637563149753
Probe_minus_Ignore	6	0.84	-2.44483705121508
Probe_minus_Ignore	8	0.84	-4.38344831425445
Probe_minus_Ignore	10	0.84	-4.22226448271423
Probe_minus_Ignore	12	0.84	-2.66623090624803
Probe_minus_Ignore	14	0.84	-1.22700836374336
Probe_minus_Ignore	16	0.84	-0.647386845114445
Probe_minus_Ignore	18	0.84	-0.663141230447919
Probe_minus_Ignore	20	0.84	-0.653542762356442
Probe_minus_Ignore	22	0.84	-0.531462887465827
Probe_minus_Ignore	24	0.84	-0.424283395459209
Probe_minus_Ignore	26	0.84	-0.366440881844974
Probe_minus_Ignore	28	0.84	-0.321746222209964
Probe_minus_Ignore	30	0.84	-0.240210259281859
Probe_minus_Ignore	4	0.88	0.0851853843696933
Probe_minus_Ignore	6	0.88	-2.32372689839334
Probe_minus_Ignore	8	0.88	-4.11145242459755
Probe_minus_Ignore	10	0.88	-3.91491560645569
Probe_minus_Ignore	12	0.88	-2.40426578787711
Probe_minus_Ignore	14	0.88	-1.10620136194222
Probe_minus_Ignore	16	0.88	-0.53607544546809
Probe_minus_Ignore	18	0.88	-0.511175029782502
Probe_minus_Ignore	20	0.88	-0.587267798763395
Probe_minus_Ignore	22	0.88	-0.584532090274494
Probe_minus_Ignore	24	0.88	-0.543121275987429
Probe_minus_Ignore	26	0.88	-0.474341237196793
Probe_minus_Ignore	28	0.88	-0.342093398008826
Probe_minus_Ignore	30	0.88	-0.28801545851669
Probe_minus_Ignore	4	0.92	0.139536240490993
Probe_minus_Ignore	6	0.92	-2.18964405460749
Probe_minus_Ignore	8	0.92	-3.88101266024917
Probe_minus_Ignore	10	0.92	-3.64824551622536
Probe_minus_Ignore	12	0.92	-2.11999062556268
Probe_minus_Ignore	14	0.92	-0.819317293503602
Probe_minus_Ignore	16	0.92	-0.304056488291839
Probe_minus_Ignore	18	0.92	-0.309037668125219
Probe_minus_Ignore	20	0.92	-0.404310968301286
Probe_minus_Ignore	22	0.92	-0.408062187584285
Probe_minus_Ignore	24	0.92	-0.33859075793563
Probe_minus_Ignore	26	0.92	-0.204324950706212
Probe_minus_Ignore	28	0.92	0.00216931616570293
Probe_minus_Ignore	30	0.92	0.0846160105508108
Probe_minus_Ignore	4	0.96	0.212789351908082
Probe_minus_Ignore	6	0.96	-2.05025593256385
Probe_minus_Ignore	8	0.96	-3.70989379559829
Probe_minus_Ignore	10	0.96	-3.41040496348458
Probe_minus_Ignore	12	0.96	-1.87194083534558
Probe_minus_Ignore	14	0.96	-0.552101453338592
Probe_minus_Ignore	16	0.96	-0.115662350277536
Probe_minus_Ignore	18	0.96	-0.25428103146211
Probe_minus_Ignore	20	0.96	-0.307087052931011
Probe_minus_Ignore	22	0.96	-0.228828637637124
Probe_minus_Ignore	24	0.96	-0.0955077176322458
Probe_minus_Ignore	26	0.96	0.0222187121062852
Probe_minus_Ignore	28	0.96	0.0961797043285615
Probe_minus_Ignore	30	0.96	0.125961871015885
Probe_minus_Ignore	4	1	0.294721357351037
Probe_minus_Ignore	6	1	-1.90839878834743
Probe_minus_Ignore	8	1	-3.59392975799122
Probe_minus_Ignore	10	1	-3.1803001129152
Probe_minus_Ignore	12	1	-1.66973384953698
Probe_minus_Ignore	14	1	-0.459425919529475
Probe_minus_Ignore	16	1	-0.130305359190913
Probe_minus_Ignore	18	1	-0.347861756160653
Probe_minus_Ignore	20	1	-0.473415437346145
Probe_minus_Ignore	22	1	-0.453433626617431
Probe_minus_Ignore	24	1	-0.355496638585772
Probe_minus_Ignore	26	1	-0.283713930873475
Probe_minus_Ignore	28	1	-0.259084749492474
Probe_minus_Ignore	30	1	-0.182201505572924
Probe_minus_Ignore	4	1.04	0.378979231408068
Probe_minus_Ignore	6	1.04	-1.76562665498867
Probe_minus_Ignore	8	1.04	-3.4929438222746
Probe_minus_Ignore	10	1.04	-2.97191473190401
Probe_minus_Ignore	12	1.04	-1.50405401845412
Probe_minus_Ignore	14	1.04	-0.473075486128642
Probe_minus_Ignore	16	1.04	-0.226299366253822
Probe_minus_Ignore	18	1.04	-0.299959020345967
Probe_minus_Ignore	20	1.04	-0.352045148204751
Probe_minus_Ignore	22	1.04	-0.350545826791272
Probe_minus_Ignore	24	1.04	-0.364906606626316
Probe_minus_Ignore	26	1.04	-0.367819426333573
Probe_minus_Ignore	28	1.04	-0.298071047108944
Probe_minus_Ignore	30	1.04	-0.239857849703077
Probe_minus_Ignore	4	1.08	0.460312955641263
Probe_minus_Ignore	6	1.08	-1.6145774950101
Probe_minus_Ignore	8	1.08	-3.36303874217998
Probe_minus_Ignore	10	1.08	-2.81448988849116
Probe_minus_Ignore	12	1.08	-1.37370232483969
Probe_minus_Ignore	14	1.08	-0.392482766592929
Probe_minus_Ignore	16	1.08	-0.157146628766057
Probe_minus_Ignore	18	1.08	-0.162374809231721
Probe_minus_Ignore	20	1.08	-0.136023215180182
Probe_minus_Ignore	22	1.08	-0.129445460784326
Probe_minus_Ignore	24	1.08	-0.162073467719572
Probe_minus_Ignore	26	1.08	-0.197982546703051
Probe_minus_Ignore	28	1.08	-0.17777343322522
Probe_minus_Ignore	30	1.08	-0.128824908629447
Probe_minus_Ignore	4	1.12	0.530707583788078
Probe_minus_Ignore	6	1.12	-1.46391223711995
Probe_minus_Ignore	8	1.12	-3.20117050303511
Probe_minus_Ignore	10	1.12	-2.72721070240342
Probe_minus_Ignore	12	1.12	-1.28576344953319
Probe_minus_Ignore	14	1.12	-0.259773698663692
Probe_minus_Ignore	16	1.12	-0.0225067599725543
Probe_minus_Ignore	18	1.12	-0.161238385958041
Probe_minus_Ignore	20	1.12	-0.185073841359245
Probe_minus_Ignore	22	1.12	-0.0900676610043538
Probe_minus_Ignore	24	1.12	-0.0146237021832336
Probe_minus_Ignore	26	1.12	0.0120695910416365
Probe_minus_Ignore	28	1.12	0.0659476907714153
Probe_minus_Ignore	30	1.12	0.0425955809624513
Probe_minus_Ignore	4	1.16	0.587194923025511
Probe_minus_Ignore	6	1.16	-1.3369378816195
Probe_minus_Ignore	8	1.16	-3.05429051062879
Probe_minus_Ignore	10	1.16	-2.69161662577736
Probe_minus_Ignore	12	1.16	-1.22597266637607
Probe_minus_Ignore	14	1.16	-0.197446874189991
Probe_minus_Ignore	16	1.16	-0.0061362519796155
Probe_minus_Ignore	18	1.16	-0.162743700607007
Probe_minus_Ignore	20	1.16	-0.208976334186671
Probe_minus_Ignore	22	1.16	-0.138702917156272
Probe_minus_Ignore	24	1.16	-0.0132707804348982
Probe_minus_Ignore	26	1.16	0.0619935532453719
Probe_minus_Ignore	28	1.16	0.0684877589534202
Probe_minus_Ignore	30	1.16	0.0424979893848743
Probe_minus_Ignore	4	1.2	0.62824374815484
Probe_minus_Ignore	6	1.2	-1.24268033535795
Probe_minus_Ignore	8	1.2	-2.95243071446559
Probe_minus_Ignore	10	1.2	-2.65242836233956
Probe_minus_Ignore	12	1.2	-1.18930295963331
Probe_minus_Ignore	14	1.2	-0.187867234964016
Probe_minus_Ignore	16	1.2	-0.0225023658611771
Probe_minus_Ignore	18	1.2	-0.217270209519524
Probe_minus_Ignore	20	1.2	-0.260746707461369
Probe_minus_Ignore	22	1.2	-0.19820459002892
Probe_minus_Ignore	24	1.2	-0.124811449729669
Probe_minus_Ignore	26	1.2	-0.0676580014327963
Probe_minus_Ignore	28	1.2	-0.00239552076307796
Probe_minus_Ignore	30	1.2	0.0860729588818899
Probe_minus_Ignore	4	1.24	0.65009586658938
Probe_minus_Ignore	6	1.24	-1.17935341924922
Probe_minus_Ignore	8	1.24	-2.89217448050664
Probe_minus_Ignore	10	1.24	-2.58494106327599
Probe_minus_Ignore	12	1.24	-1.11860362917407
Probe_minus_Ignore	14	1.24	-0.152918305138404
Probe_minus_Ignore	16	1.24	-0.00659655373259405
Probe_minus_Ignore	18	1.24	-0.124725020779808
Probe_minus_Ignore	20	1.24	-0.173586240234929
Probe_minus_Ignore	22	1.24	-0.152002715079193
Probe_minus_Ignore	24	1.24	-0.157441559702984
Probe_minus_Ignore	26	1.24	-0.174725401670534
Probe_minus_Ignore	28	1.24	-0.12945754933255
Probe_minus_Ignore	30	1.24	-0.0563302404013161
Probe_minus_Ignore	4	1.28	0.649122743966244
Probe_minus_Ignore	6	1.28	-1.13854409064571
Probe_minus_Ignore	8	1.28	-2.8371551513651
Probe_minus_Ignore	10	1.28	-2.49072865363416
Probe_minus_Ignore	12	1.28	-1.04682201913667
Probe_minus_Ignore	14	1.28	-0.0942763951708279
Probe_minus_Ignore	16	1.28	0.0803633170311384
Probe_minus_Ignore	18	1.28	-0.00864972667417534
Probe_minus_Ignore	20	1.28	-0.0502389583279108
Probe_minus_Ignore	22	1.28	-0.0934142936489606
Probe_minus_Ignore	24	1.28	-0.134686041777796
Probe_minus_Ignore	26	1.28	-0.140604003682057
Probe_minus_Ignore	28	1.28	-0.108447302029181
Probe_minus_Ignore	30	1.28	-0.0309667279596492
Probe_minus_Ignore	4	1.32	0.626287404961426
Probe_minus_Ignore	6	1.32	-1.10677627118179
Probe_minus_Ignore	8	1.32	-2.76440412493664
Probe_minus_Ignore	10	1.32	-2.381183225472
Probe_minus_Ignore	12	1.32	-0.987727813257304
Probe_minus_Ignore	14	1.32	-0.0749457582276341
Probe_minus_Ignore	16	1.32	0.108920046961409
Probe_minus_Ignore	18	1.32	-0.0309441228757468
Probe_minus_Ignore	20	1.32	-0.0536732514943
Probe_minus_Ignore	22	1.32	-0.0363887754864843
Probe_minus_Ignore	24	1.32	-0.0691074832305934
Probe_minus_Ignore	26	1.32	-0.105190350536627
Probe_minus_Ignore	28	1.32	-0.065071297906543
Probe_minus_Ignore	30	1.32	-0.0239534830069286
Probe_minus_Ignore	4	1.36	0.586181574682858
Probe_minus_Ignore	6	1.36	-1.08768895893228
Probe_minus_Ignore	8	1.36	-2.66376571767196
Probe_minus_Ignore	10	1.36	-2.26468973708302
Probe_minus_Ignore	12	1.36	-0.901895794032785
Probe_minus_Ignore	14	1.36	-0.00479101995395552
Probe_minus_Ignore	16	1.36	0.112584338973632
Probe_minus_Ignore	18	1.36	-0.0119290960639506
Probe_minus_Ignore	20	1.36	-0.0517372815217459
Probe_minus_Ignore	22	1.36	-0.0260327454569278
Probe_minus_Ignore	24	1.36	0.000855371185556729
Probe_minus_Ignore	26	1.36	0.0325094301200606
Probe_minus_Ignore	28	1.36	0.101743790211775
Probe_minus_Ignore	30	1.36	0.171821597144398
Probe_minus_Ignore	4	1.4	0.536023457961411
Probe_minus_Ignore	6	1.4	-1.08429123939874
Probe_minus_Ignore	8	1.4	-2.55556653496086
Probe_minus_Ignore	10	1.4	-2.1471786860626
Probe_minus_Ignore	12	1.4	-0.808555140433834
Probe_minus_Ignore	14	1.4	0.1352590955423
Probe_minus_Ignore	16	1.4	0.285969632912171
Probe_minus_Ignore	18	1.4	0.173515000223853
Probe_minus_Ignore	20	1.4	0.113018816724586
Probe_minus_Ignore	22	1.4	0.109705413032694
Probe_minus_Ignore	24	1.4	0.0737794033706949
Probe_minus_Ignore	26	1.4	0.0587638251476238
Probe_minus_Ignore	28	1.4	0.115298911752204
Probe_minus_Ignore	30	1.4	0.209330210240868
