contrast	frequency_hz	time_s	cluster_member_channel_count
Memorize_minus_Ignore	4	0	13
Memorize_minus_Ignore	6	0	0
Memorize_minus_Ignore	8	0	0
Memorize_minus_Ignore	10	0	0
Memorize_minus_Ignore	12	0	0
Memorize_minus_Ignore	14	0	0
Memorize_minus_Ignore	16	0	0
Memorize_minus_Ignore	18	0	0
Memorize_minus_Ignore	20	0	0
Memorize_minus_Ignore	22	0	0
Memorize_minus_Ignore	24	0	0
Memorize_minus_Ignore	26	0	0
Memorize_minus_Ignore	28	0	0
Memorize_minus_Ignore	30	0	0
Memorize_minus_Ignore	4	0.04	17
Memorize_minus_Ignore	6	0.04	0
Memorize_minus_Ignore	8	0.04	0
Memorize_minus_Ignore	10	0.04	0
Memorize_minus_Ignore	12	0.04	0
Memorize_minus_Ignore	14	0.04	0
Memorize_minus_Ignore	16	0.04	0
Memorize_minus_Ignore	18	0.04	0
Memorize_minus_Ignore	20	0.04	0
Memorize_minus_Ignore	22	0.04	0
Memorize_minus_Ignore	24	0.04	0
Memorize_minus_Ignore	26	0.04	0
Memorize_minus_Ignore	28	0.04	0
Memorize_minus_Ignore	30	0.04	0
Memorize_minus_Ignore	4	0.0800000000000001	19
Memorize_minus_Ignore	6	0.0800000000000001	0
Memorize_minus_Ignore	8	0.0800000000000001	0
Memorize_minus_Ignore	10	0.0800000000000001	0
Memorize_minus_Ignore	12	0.0800000000000001	0
Memorize_minus_Ignore	14	0.0800000000000001	0
Memorize_minus_Ignore	16	0.0800000000000001	0
Memorize_minus_Ignore	18	0.0800000000000001	0
Memorize_minus_Ignore	20	0.0800000000000001	0
Memorize_minus_Ignore	22	0.0800000000000001	0
Memorize_minus_Ignore	24	0.0800000000000001	0
Memorize_minus_Ignore	26	0.0800000000000001	0
Memorize_minus_Ignore	28	0.0800000000000001	0
Memorize_minus_Ignore	30	0.0800000000000001	0
Memorize_minus_Ignore	4	0.12	17
Memorize_minus_Ignore	6	0.12	0
Memorize_minus_Ignore	8	0.12	0
Memorize_minus_Ignore	10	0.12	0
Memorize_minus_Ignore	12	0.12	0
Memorize_minus_Ignore	14	0.12	0
Memorize_minus_Ignore	16	0.12	0
Memorize_minus_Ignore	18	0.12	0
Memorize_minus_Ignore	20	0.12	0
Memorize_minus_Ignore	22	0.12	0
Memorize_minus_Ignore	24	0.12	0
Memorize_minus_Ignore	26	0.12	0
Memorize_minus_Ignore	28	0.12	0
Memorize_minus_Ignore	30	0.12	0
Memorize_minus_Ignore	4	0.16	15
Memorize_minus_Ignore	6	0.16	0
Memorize_minus_Ignore	8	0.16	0
Memorize_minus_Ignore	10	0.16	0
Memorize_minus_Ignore	12	0.16	0
Memorize_minus_Ignore	14	0.16	0
Memorize_minus_Ignore	16	0.16	0
Memorize_minus_Ignore	18	0.16	0
Memorize_minus_Ignore	20	0.16	0
Memorize_minus_Ignore	22	0.16	0
Memorize_minus_Ignore	24	0.16	0
Memorize_minus_Ignore	26	0.16	0
Memorize_minus_Ignore	28	0.16	0
Memorize_minus_Ignore	30	0.16	0
Memorize_minus_Ignore	4	0.2	14
Memorize_minus_Ignore	6	0.2	3
Memorize_minus_Ignore	8	0.2	0
Memorize_minus_Ignore	10	0.2	8
Memorize_minus_Ignore	12	0.2	0
Memorize_minus_Ignore	14	0.2	0
Memorize_minus_Ignore	16	0.2	0
Memorize_minus_Ignore	18	0.2	0
Memorize_minus_Ignore	20	0.2	0
Memorize_minus_Ignore	22	0.2	0
Memorize_minus_Ignore	24	0.2	0
Memorize_minus_Ignore	26	0.2	0
Memorize_minus_Ignore	28	0.2	0
Memorize_minus_Ignore	30	0.2	0
Memorize_minus_Ignore	4	0.24	12
Memorize_minus_Ignore	6	0.24	9
Memorize_minus_Ignore	8	0.24	20
Memorize_minus_Ignore	10	0.24	28
Memorize_minus_Ignore	12	0.24	14
Memorize_minus_Ignore	14	0.24	0
Memorize_minus_Ignore	16	0.24	0
Memorize_minus_Ignore	18	0.24	0
Memorize_minus_Ignore	20	0.24	0
Memorize_minus_Ignore	22	0.24	0
Memorize_minus_Ignore	24	0.24	0
Memorize_minus_Ignore	26	0.24	0
Memorize_minus_Ignore	28	0.24	0
Memorize_minus_Ignore	30	0.24	0
Memorize_minus_Ignore	4	0.28	14
Memorize_minus_Ignore	6	0.28	17
Memorize_minus_Ignore	8	0.28	33
Memorize_minus_Ignore	10	0.28	34
Memorize_minus_Ignore	12	0.28	22
Memorize_minus_Ignore	14	0.28	11
Memorize_minus_Ignore	16	0.28	0
Memorize_minus_Ignore	18	0.28	0
Memorize_minus_Ignore	20	0.28	0
Memorize_minus_Ignore	22	0.28	0
Memorize_minus_Ignore	24	0.28	0
Memorize_minus_Ignore	26	0.28	0
Memorize_minus_Ignore	28	0.28	0
Memorize_minus_Ignore	30	0.28	0
Memorize_minus_Ignore	4	0.32	18
Memorize_minus_Ignore	6	0.32	21
Memorize_minus_Ignore	8	0.32	41
Memorize_minus_Ignore	10	0.32	35
Memorize_minus_Ignore	12	0.32	27
Memorize_minus_Ignore	14	0.32	15
Memorize_minus_Ignore	16	0.32	3
Memorize_minus_Ignore	18	0.32	0
Memorize_minus_Ignore	20	0.32	0
Memorize_minus_Ignore	22	0.32	0
Memorize_minus_Ignore	24	0.32	0
Memorize_minus_Ignore	26	0.32	0
Memorize_minus_Ignore	28	0.32	0
Memorize_minus_Ignore	30	0.32	0
Memorize_minus_Ignore	4	0.36	21
Memorize_minus_Ignore	6	0.36	27
Memorize_minus_Ignore	8	0.36	42
Memorize_minus_Ignore	10	0.36	39
Memorize_minus_Ignore	12	0.36	23
Memorize_minus_Ignore	14	0.36	19
Memorize_minus_Ignore	16	0.36	7
Memorize_minus_Ignore	18	0.36	0
Memorize_minus_Ignore	20	0.36	0
Memorize_minus_Ignore	22	0.36	0
Memorize_minus_Ignore	24	0.36	0
Memorize_minus_Ignore	26	0.36	0
Memorize_minus_Ignore	28	0.36	0
Memorize_minus_Ignore	30	0.36	0
Memorize_minus_Ignore	4	0.4	24
Memorize_minus_Ignore	6	0.4	32
Memorize_minus_Ignore	8	0.4	43
Memorize_minus_Ignore	10	0.4	40
Memorize_minus_Ignore	12	0.4	29
Memorize_minus_Ignore	14	0.4	22
Memorize_minus_Ignore	16	0.4	15
Memorize_minus_Ignore	18	0.4	7
Memorize_minus_Ignore	20	0.4	4
Memorize_minus_Ignore	22	0.4	0
Memorize_minus_Ignore	24	0.4	0
Memorize_minus_Ignore	26	0.4	0
Memorize_minus_Ignore	28	0.4	0
Memorize_minus_Ignore	30	0.4	0
Memorize_minus_Ignore	4	0.44	27
Memorize_minus_Ignore	6	0.44	36
Memorize_minus_Ignore	8	0.44	54
Memorize_minus_Ignore	10	0.44	52
Memorize_minus_Ignore	12	0.44	32
Memorize_minus_Ignore	14	0.44	33
Memorize_minus_Ignore	16	0.44	38
Memorize_minus_Ignore	18	0.44	24
Memorize_minus_Ignore	20	0.44	8
Memorize_minus_Ignore	22	0.44	6
Memorize_minus_Ignore	24	0.44	4
Memorize_minus_Ignore	26	0.44	0
Memorize_minus_Ignore	28	0.44	0
Memorize_minus_Ignore	30	0.44	0
Memorize_minus_Ignore	4	0.48	28
Memorize_minus_Ignore	6	0.48	35
Memorize_minus_Ignore	8	0.48	67
Memorize_minus_Ignore	10	0.48	67
Memorize_minus_Ignore	12	0.48	48
Memorize_minus_Ignore	14	0.48	49
Memorize_minus_Ignore	16	0.48	52
Memorize_minus_Ignore	18	0.48	49
Memorize_minus_Ignore	20	0.48	34
Memorize_minus_Ignore	22	0.48	9
Memorize_minus_Ignore	24	0.48	3
Memorize_minus_Ignore	26	0.48	0
Memorize_minus_Ignore	28	0.48	0
Memorize_minus_Ignore	30	0.48	0
Memorize_minus_Ignore	4	0.52	31
Memorize_minus_Ignore	6	0.52	35
Memorize_minus_Ignore	8	0.52	67
Memorize_minus_Ignore	10	0.52	67
Memorize_minus_Ignore	12	0.52	62
Memorize_minus_Ignore	14	0.52	50
Memorize_minus_Ignore	16	0.52	50
Memorize_minus_Ignore	18	0.52	48
Memorize_minus_Ignore	20	0.52	37
Memorize_minus_Ignore	22	0.52	24
Memorize_minus_Ignore	24	0.52	0
Memorize_minus_Ignore	26	0.52	0
Memorize_minus_Ignore	28	0.52	0
Memorize_minus_Ignore	30	0.52	0
Memorize_minus_Ignore	4	0.56	33
Memorize_minus_Ignore	6	0.56	36
Memorize_minus_Ignore	8	0.56	67
Memorize_minus_Ignore	10	0.56	66
Memorize_minus_Ignore	12	0.56	63
Memorize_minus_Ignore	14	0.56	66
Memorize_minus_Ignore	16	0.56	64
Memorize_minus_Ignore	18	0.56	46
Memorize_minus_Ignore	20	0.56	17
Memorize_minus_Ignore	22	0.56	9
Memorize_minus_Ignore	24	0.56	8
Memorize_minus_Ignore	26	0.56	3
Memorize_minus_Ignore	28	0.56	0
Memorize_minus_Ignore	30	0.56	0
Memorize_minus_Ignore	4	0.6	33
Memorize_minus_Ignore	6	0.6	36
Memorize_minus_Ignore	8	0.6	67
Memorize_minus_Ignore	10	0.6	66
Memorize_minus_Ignore	12	0.6	65
Memorize_minus_Ignore	14	0.6	65
Memorize_minus_Ignore	16	0.6	50
Memorize_minus_Ignore	18	0.6	30
Memorize_minus_Ignore	20	0.6	12
Memorize_minus_Ignore	22	0.6	5
Memorize_minus_Ignore	24	0.6	0
Memorize_minus_Ignore	26	0.6	0
Memorize_minus_Ignore	28	0.6	0
Memorize_minus_Ignore	30	0.6	0
Memorize_minus_Ignore	4	0.64	32
Memorize_minus_Ignore	6	0.64	35
Memorize_minus_Ignore	8	0.64	66
Memorize_minus_Ignore	10	0.64	64
Memorize_minus_Ignore	12	0.64	65
Memorize_minus_Ignore	14	0.64	51
Memorize_minus_Ignore	16	0.64	34
Memorize_minus_Ignore	18	0.64	13
Memorize_minus_Ignore	20	0.64	4
Memorize_minus_Ignore	22	0.64	0
Memorize_minus_Ignore	24	0.64	0
Memorize_minus_Ignore	26	0.64	0
Memorize_minus_Ignore	28	0.64	0
Memorize_minus_Ignore	30	0.64	0
Memorize_minus_Ignore	4	0.68	28
Memorize_minus_Ignore	6	0.68	37
Memorize_minus_Ignore	8	0.68	64
Memorize_minus_Ignore	10	0.68	62
Memorize_minus_Ignore	12	0.68	62
Memorize_minus_Ignore	14	0.68	44
Memorize_minus_Ignore	16	0.68	18
Memorize_minus_Ignore	18	0.68	0
Memorize_minus_Ignore	20	0.68	0
Memorize_minus_Ignore	22	0.68	0
Memorize_minus_Ignore	24	0.68	0
Memorize_minus_Ignore	26	0.68	0
Memorize_minus_Ignore	28	0.68	0
Memorize_minus_Ignore	30	0.68	0
Memorize_minus_Ignore	4	0.72	17
Memorize_minus_Ignore	6	0.72	39
Memorize_minus_Ignore	8	0.72	63
Memorize_minus_Ignore	10	0.72	59
Memorize_minus_Ignore	12	0.72	51
Memorize_minus_Ignore	14	0.72	17
Memorize_minus_Ignore	16	0.72	0
Memorize_minus_Ignore	18	0.72	0
Memorize_minus_Ignore	20	0.72	0
Memorize_minus_Ignore	22	0.72	0
Memorize_minus_Ignore	24	0.72	0
Memorize_minus_Ignore	26	0.72	0
Memorize_minus_Ignore	28	0.72	0
Memorize_minus_Ignore	30	0.72	0
Memorize_minus_Ignore	4	0.76	8
Memorize_minus_Ignore	6	0.76	45
Memorize_minus_Ignore	8	0.76	62
Memorize_minus_Ignore	10	0.76	57
Memorize_minus_Ignore	12	0.76	29
Memorize_minus_Ignore	14	0.76	17
Memorize_minus_Ignore	16	0.76	6
Memorize_minus_Ignore	18	0.76	0
Memorize_minus_Ignore	20	0.76	0
Memorize_minus_Ignore	22	0.76	0
Memorize_minus_Ignore	24	0.76	0
Memorize_minus_Ignore	26	0.76	0
Memorize_minus_Ignore	28	0.76	0
Memorize_minus_Ignore	30	0.76	0
Memorize_minus_Ignore	4	0.8	7
Memorize_minus_Ignore	6	0.8	41
Memorize_minus_Ignore	8	0.8	57
Memorize_minus_Ignore	10	0.8	46
Memorize_minus_Ignore	12	0.8	30
Memorize_minus_Ignore	14	0.8	20
Memorize_minus_Ignore	16	0.8	11
Memorize_minus_Ignore	18	0.8	3
Memorize_minus_Ignore	20	0.8	0
Memorize_minus_Ignore	22	0.8	0
Memorize_minus_Ignore	24	0.8	0
Memorize_minus_Ignore	26	0.8	0
Memorize_minus_Ignore	28	0.8	0
Memorize_minus_Ignore	30	0.8	0
Memorize_minus_Ignore	4	0.84	4
Memorize_minus_Ignore	6	0.84	36
Memorize_minus_Ignore	8	0.84	37
Memorize_minus_Ignore	10	0.84	45
Memorize_minus_Ignore	12	0.84	39
Memorize_minus_Ignore	14	0.84	21
Memorize_minus_Ignore	16	0.84	4
Memorize_minus_Ignore	18	0.84	0
Memorize_minus_Ignore	20	0.84	0
Memorize_minus_Ignore	22	0.84	0
Memorize_minus_Ignore	24	0.84	0
Memorize_minus_Ignore	26	0.84	0
Memorize_minus_Ignore	28	0.84	0
Memorize_minus_Ignore	30	0.84	0
Memorize_minus_Ignore	4	0.88	0
Memorize_minus_Ignore	6	0.88	36
Memorize_minus_Ignore	8	0.88	36
Memorize_minus_Ignore	10	0.88	49
Memorize_minus_Ignore	12	0.88	48
Memorize_minus_Ignore	14	0.88	24
Memorize_minus_Ignore	16	0.88	0
Memorize_minus_Ignore	18	0.88	0
Memorize_minus_Ignore	20	0.88	0
Memorize_minus_Ignore	22	0.88	0
Memorize_minus_Ignore	24	0.88	0
Memorize_minus_Ignore	26	0.88	0
Memorize_minus_Ignore	28	0.88	0
Memorize_minus_Ignore	30	0.88	0
Memorize_minus_Ignore	4	0.92	0
Memorize_minus_Ignore	6	0.92	34
Memorize_minus_Ignore	8	0.92	34
Memorize_minus_Ignore	10	0.92	49
Memorize_minus_Ignore	12	0.92	51
Memorize_minus_Ignore	14	0.92	9
Memorize_minus_Ignore	16	0.92	0
Memorize_minus_Ignore	18	0.92	0
Memorize_minus_Ignore	20	0.92	0
Memorize_minus_Ignore	22	0.92	0
Memorize_minus_Ignore	24	0.92	0
Memorize_minus_Ignore	26	0.92	0
Memorize_minus_Ignore	28	0.92	0
Memorize_minus_Ignore	30	0.92	0
Memorize_minus_Ignore	4	0.96	0
Memorize_minus_Ignore	6	0.96	36
Memorize_minus_Ignore	8	0.96	34
Memorize_minus_Ignore	10	0.96	51
Memorize_minus_Ignore	12	0.96	53
Memorize_minus_Ignore	14	0.96	7
Memorize_minus_Ignore	16	0.96	0
Memorize_minus_Ignore	18	0.96	0
Memorize_minus_Ignore	20	0.96	0
Memorize_minus_Ignore	22	0.96	0
Memorize_minus_Ignore	24	0.96	0
Memorize_minus_Ignore	26	0.96	0
Memorize_minus_Ignore	28	0.96	0
Memorize_minus_Ignore	30	0.96	0
Memorize_minus_Ignore	4	1	0
Memorize_minus_Ignore	6	1	34
Memorize_minus_Ignore	8	1	26
Memorize_minus_Ignore	10	1	55
Memorize_minus_Ignore	12	1	52
Memorize_minus_Ignore	14	1	17
Memorize_minus_Ignore	16	1	7
Memorize_minus_Ignore	18	1	0
Memorize_minus_Ignore	20	1	0
Memorize_minus_Ignore	22	1	0
Memorize_minus_Ignore	24	1	0
Memorize_minus_Ignore	26	1	0
Memorize_minus_Ignore	28	1	0
Memorize_minus_Ignore	30	1	0
Memorize_minus_Ignore	4	1.04	0
Memorize_minus_Ignore	6	1.04	28
Memorize_minus_Ignore	8	1.04	23
Memorize_minus_Ignore	10	1.04	51
Memorize_minus_Ignore	12	1.04	52
Memorize_minus_Ignore	14	1.04	26
Memorize_minus_Ignore	16	1.04	9
Memorize_minus_Ignore	18	1.04	0
Memorize_minus_Ignore	20	1.04	0
Memorize_minus_Ignore	22	1.04	0
Memorize_minus_Ignore	24	1.04	0
Memorize_minus_Ignore	26	1.04	0
Memorize_minus_Ignore	28	1.04	0
Memorize_minus_Ignore	30	1.04	0
Memorize_minus_Ignore	4	1.08	0
Memorize_minus_Ignore	6	1.08	19
Memorize_minus_Ignore	8	1.08	21
Memorize_minus_Ignore	10	1.08	45
Memorize_minus_Ignore	12	1.08	49
Memorize_minus_Ignore	14	1.08	25
Memorize_minus_Ignore	16	1.08	0
Memorize_minus_Ignore	18	1.08	0
Memorize_minus_Ignore	20	1.08	0
Memorize_minus_Ignore	22	1.08	0
Memorize_minus_Ignore	24	1.08	0
Memorize_minus_Ignore	26	1.08	0
Memorize_minus_Ignore	28	1.08	0
Memorize_minus_Ignore	30	1.08	0
Memorize_minus_Ignore	4	1.12	0
Memorize_minus_Ignore	6	1.12	14
Memorize_minus_Ignore	8	1.12	28
Memorize_minus_Ignore	10	1.12	38
Memorize_minus_Ignore	12	1.12	23
Memorize_minus_Ignore	14	1.12	8
Memorize_minus_Ignore	16	1.12	0
Memorize_minus_Ignore	18	1.12	0
Memorize_minus_Ignore	20	1.12	0
Memorize_minus_Ignore	22	1.12	0
Memorize_minus_Ignore	24	1.12	0
Memorize_minus_Ignore	26	1.12	0
Memorize_minus_Ignore	28	1.12	0
Memorize_minus_Ignore	30	1.12	0
Memorize_minus_Ignore	4	1.16	0
Memorize_minus_Ignore	6	1.16	6
Memorize_minus_Ignore	8	1.16	24
Memorize_minus_Ignore	10	1.16	38
Memorize_minus_Ignore	12	1.16	18
Memorize_minus_Ignore	14	1.16	5
Memorize_minus_Ignore	16	1.16	0
Memorize_minus_Ignore	18	1.16	0
Memorize_minus_Ignore	20	1.16	0
Memorize_minus_Ignore	22	1.16	0
Memorize_minus_Ignore	24	1.16	0
Memorize_minus_Ignore	26	1.16	0
Memorize_minus_Ignore	28	1.16	0
Memorize_minus_Ignore	30	1.16	0
Memorize_minus_Ignore	4	1.2	0
Memorize_minus_Ignore	6	1.2	0
Memorize_minus_Ignore	8	1.2	22
Memorize_minus_Ignore	10	1.2	36
Memorize_minus_Ignore	12	1.2	20
Memorize_minus_Ignore	14	1.2	13
Memorize_minus_Ignore	16	1.2	0
Memorize_minus_Ignore	18	1.2	0
Memorize_minus_Ignore	20	1.2	0
Memorize_minus_Ignore	22	1.2	0
Memorize_minus_Ignore	24	1.2	0
Memorize_minus_Ignore	26	1.2	0
Memorize_minus_Ignore	28	1.2	0
Memorize_minus_Ignore	30	1.2	0
Memorize_minus_Ignore	4	1.24	0
Memorize_minus_Ignore	6	1.24	0
Memorize_minus_Ignore	8	1.24	20
Memorize_minus_Ignore	10	1.24	34
Memorize_minus_Ignore	12	1.24	19
Memorize_minus_Ignore	14	1.24	12
Memorize_minus_Ignore	16	1.24	0
Memorize_minus_Ignore	18	1.24	0
Memorize_minus_Ignore	20	1.24	0
Memorize_minus_Ignore	22	1.24	0
Memorize_minus_Ignore	24	1.24	0
Memorize_minus_Ignore	26	1.24	0
Memorize_minus_Ignore	28	1.24	0
Memorize_minus_Ignore	30	1.24	0
Memorize_minus_Ignore	4	1.28	0
Memorize_minus_Ignore	6	1.28	3
Memorize_minus_Ignore	8	1.28	25
Memorize_minus_Ignore	10	1.28	39
Memorize_minus_Ignore	12	1.28	21
Memorize_minus_Ignore	14	1.28	7
Memorize_minus_Ignore	16	1.28	0
Memorize_minus_Ignore	18	1.28	0
Memorize_minus_Ignore	20	1.28	0
Memorize_minus_Ignore	22	1.28	0
Memorize_minus_Ignore	24	1.28	5
Memorize_minus_Ignore	26	1.28	9
Memorize_minus_Ignore	28	1.28	0
Memorize_minus_Ignore	30	1.28	0
Memorize_minus_Ignore	4	1.32	0
Memorize_minus_Ignore	6	1.32	3
Memorize_minus_Ignore	8	1.32	35
Memorize_minus_Ignore	10	1.32	40
Memorize_minus_Ignore	12	1.32	38
Memorize_minus_Ignore	14	1.32	24
Memorize_minus_Ignore	16	1.32	29
Memorize_minus_Ignore	18	1.32	38
Memorize_minus_Ignore	20	1.32	12
Memorize_minus_Ignore	22	1.32	11
Memorize_minus_Ignore	24	1.32	8
Memorize_minus_Ignore	26	1.32	0
Memorize_minus_Ignore	28	1.32	0
Memorize_minus_Ignore	30	1.32	0
Memorize_minus_Ignore	4	1.36	0
Memorize_minus_Ignore	6	1.36	7
Memorize_minus_Ignore	8	1.36	41
Memorize_minus_Ignore	10	1.36	46
Memorize_minus_Ignore	12	1.36	45
Memorize_minus_Ignore	14	1.36	25
Memorize_minus_Ignore	16	1.36	26
Memorize_minus_Ignore	18	1.36	32
Memorize_minus_Ignore	20	1.36	43
Memorize_minus_Ignore	22	1.36	29
Memorize_minus_Ignore	24	1.36	0
Memorize_minus_Ignore	26	1.36	0
Memorize_minus_Ignore	28	1.36	0
Memorize_minus_Ignore	30	1.36	0
Memorize_minus_Ignore	4	1.4	0
Memorize_minus_Ignore	6	1.4	14
Memorize_minus_Ignore	8	1.4	43
Memorize_minus_Ignore	10	1.4	49
Memorize_minus_Ignore	12	1.4	46
Memorize_minus_Ignore	14	1.4	13
Memorize_minus_Ignore	16	1.4	4
Memorize_minus_Ignore	18	1.4	0
Memorize_minus_Ignore	20	1.4	0
Memorize_minus_Ignore	22	1.4	0
Memorize_minus_Ignore	24	1.4	0
Memorize_minus_Ignore	26	1.4	0
Memorize_minus_Ignore	28	1.4	0
Memorize_minus_Ignore	30	1.4	0
Probe_minus_Memorize	4	0	0
Probe_minus_Memorize	6	0	0
Probe_minus_Memorize	8	0	17
Probe_minus_Memorize	10	0	22
Probe_minus_Memorize	12	0	5
Probe_minus_Memorize	14	0	0
Probe_minus_Memorize	16	0	0
Probe_minus_Memorize	18	0	0
Probe_minus_Memorize	20	0	0
Probe_minus_Memorize	22	0	0
Probe_minus_Memorize	24	0	0
Probe_minus_Memorize	26	0	0
Probe_minus_Memorize	28	0	0
Probe_minus_Memorize	30	0	0
Probe_minus_Memorize	4	0.04	0
Probe_minus_Memorize	6	0.04	0
Probe_minus_Memorize	8	0.04	20
Probe_minus_Memorize	10	0.04	34
Probe_minus_Memorize	12	0.04	18
Probe_minus_Memorize	14	0.04	5
Probe_minus_Memorize	16	0.04	5
Probe_minus_Memorize	18	0.04	11
Probe_minus_Memorize	20	0.04	11
Probe_minus_Memorize	22	0.04	11
Probe_minus_Memorize	24	0.04	3
Probe_minus_Memorize	26	0.04	0
Probe_minus_Memorize	28	0.04	0
Probe_minus_Memorize	30	0.04	0
Probe_minus_Memorize	4	0.0800000000000001	0
Probe_minus_Memorize	6	0.0800000000000001	0
Probe_minus_Memorize	8	0.0800000000000001	34
Probe_minus_Memorize	10	0.0800000000000001	43
Probe_minus_Memorize	12	0.0800000000000001	34
Probe_minus_Memorize	14	0.0800000000000001	13
Probe_minus_Memorize	16	0.0800000000000001	5
Probe_minus_Memorize	18	0.0800000000000001	12
Probe_minus_Memorize	20	0.0800000000000001	22
Probe_minus_Memorize	22	0.0800000000000001	22
Probe_minus_Memorize	24	0.0800000000000001	27
Probe_minus_Memorize	26	0.0800000000000001	14
Probe_minus_Memorize	28	0.0800000000000001	0
Probe_minus_Memorize	30	0.0800000000000001	0
Probe_minus_Memorize	4	0.12	0
Probe_minus_Memorize	6	0.12	0
Probe_minus_Memorize	8	0.12	41
Probe_minus_Memorize	10	0.12	55
Probe_minus_Memorize	12	0.12	41
Probe_minus_Memorize	14	0.12	18
Probe_minus_Memorize	16	0.12	5
Probe_minus_Memorize	18	0.12	13
Probe_minus_Memorize	20	0.12	18
Probe_minus_Memorize	22	0.12	12
Probe_minus_Memorize	24	0.12	10
Probe_minus_Memorize	26	0.12	4
Probe_minus_Memorize	28	0.12	0
Probe_minus_Memorize	30	0.12	0
Probe_minus_Memorize	4	0.16	0
Probe_minus_Memorize	6	0.16	0
Probe_minus_Memorize	8	0.16	50
Probe_minus_Memorize	10	0.16	64
Probe_minus_Memorize	12	0.16	49
Probe_minus_Memorize	14	0.16	35
Probe_minus_Memorize	16	0.16	21
Probe_minus_Memorize	18	0.16	23
Probe_minus_Memorize	20	0.16	19
Probe_minus_Memorize	22	0.16	20
Probe_minus_Memorize	24	0.16	13
Probe_minus_Memorize	26	0.16	7
Probe_minus_Memorize	28	0.16	0
Probe_minus_Memorize	30	0.16	0
Probe_minus_Memorize	4	0.2	0
Probe_minus_Memorize	6	0.2	0
Probe_minus_Memorize	8	0.2	62
Probe_minus_Memorize	10	0.2	69
Probe_minus_Memorize	12	0.2	59
Probe_minus_Memorize	14	0.2	41
Probe_minus_Memorize	16	0.2	35
Probe_minus_Memorize	18	0.2	40
Probe_minus_Memorize	20	0.2	46
Probe_minus_Memorize	22	0.2	48
Probe_minus_Memorize	24	0.2	46
Probe_minus_Memorize	26	0.2	37
Probe_minus_Memorize	28	0.2	26
Probe_minus_Memorize	30	0.2	12
Probe_minus_Memorize	4	0.24	0
Probe_minus_Memorize	6	0.24	0
Probe_minus_Memorize	8	0.24	66
Probe_minus_Memorize	10	0.24	69
Probe_minus_Memorize	12	0.24	65
Probe_minus_Memorize	14	0.24	46
Probe_minus_Memorize	16	0.24	47
Probe_minus_Memorize	18	0.24	52
Probe_minus_Memorize	20	0.24	48
Probe_minus_Memorize	22	0.24	49
Probe_minus_Memorize	24	0.24	58
Probe_minus_Memorize	26	0.24	60
Probe_minus_Memorize	28	0.24	63
Probe_minus_Memorize	30	0.24	61
Probe_minus_Memorize	4	0.28	0
Probe_minus_Memorize	6	0.28	0
Probe_minus_Memorize	8	0.28	69
Probe_minus_Memorize	10	0.28	69
Probe_minus_Memorize	12	0.28	69
Probe_minus_Memorize	14	0.28	59
Probe_minus_Memorize	16	0.28	56
Probe_minus_Memorize	18	0.28	56
Probe_minus_Memorize	20	0.28	47
Probe_minus_Memorize	22	0.28	46
Probe_minus_Memorize	24	0.28	51
Probe_minus_Memorize	26	0.28	51
Probe_minus_Memorize	28	0.28	46
Probe_minus_Memorize	30	0.28	33
Probe_minus_Memorize	4	0.32	0
Probe_minus_Memorize	6	0.32	0
Probe_minus_Memorize	8	0.32	69
Probe_minus_Memorize	10	0.32	69
Probe_minus_Memorize	12	0.32	69
Probe_minus_Memorize	14	0.32	68
Probe_minus_Memorize	16	0.32	61
Probe_minus_Memorize	18	0.32	67
Probe_minus_Memorize	20	0.32	57
Probe_minus_Memorize	22	0.32	47
Probe_minus_Memorize	24	0.32	48
Probe_minus_Memorize	26	0.32	46
Probe_minus_Memorize	28	0.32	45
Probe_minus_Memorize	30	0.32	41
Probe_minus_Memorize	4	0.36	0
Probe_minus_Memorize	6	0.36	0
Probe_minus_Memorize	8	0.36	69
Probe_minus_Memorize	10	0.36	69
Probe_minus_Memorize	12	0.36	69
Probe_minus_Memorize	14	0.36	68
Probe_minus_Memorize	16	0.36	69
Probe_minus_Memorize	18	0.36	68
Probe_minus_Memorize	20	0.36	67
Probe_minus_Memorize	22	0.36	63
Probe_minus_Memorize	24	0.36	60
Probe_minus_Memorize	26	0.36	55
Probe_minus_Memorize	28	0.36	47
Probe_minus_Memorize	30	0.36	46
Probe_minus_Memorize	4	0.4	0
Probe_minus_Memorize	6	0.4	0
Probe_minus_Memorize	8	0.4	69
Probe_minus_Memorize	10	0.4	69
Probe_minus_Memorize	12	0.4	69
Probe_minus_Memorize	14	0.4	69
Probe_minus_Memorize	16	0.4	69
Probe_minus_Memorize	18	0.4	69
Probe_minus_Memorize	20	0.4	67
Probe_minus_Memorize	22	0.4	66
Probe_minus_Memorize	24	0.4	59
Probe_minus_Memorize	26	0.4	47
Probe_minus_Memorize	28	0.4	39
Probe_minus_Memorize	30	0.4	38
Probe_minus_Memorize	4	0.44	0
Probe_minus_Memorize	6	0.44	8
Probe_minus_Memorize	8	0.44	69
Probe_minus_Memorize	10	0.44	69
Probe_minus_Memorize	12	0.44	69
Probe_minus_Memorize	14	0.44	69
Probe_minus_Memorize	16	0.44	69
Probe_minus_Memorize	18	0.44	69
Probe_minus_Memorize	20	0.44	69
Probe_minus_Memorize	22	0.44	62
Probe_minus_Memorize	24	0.44	56
Probe_minus_Memorize	26	0.44	41
Probe_minus_Memorize	28	0.44	23
Probe_minus_Memorize	30	0.44	14
Probe_minus_Memorize	4	0.48	0
Probe_minus_Memorize	6	0.48	39
Probe_minus_Memorize	8	0.48	69
Probe_minus_Memorize	10	0.48	69
Probe_minus_Memorize	12	0.48	69
Probe_minus_Memorize	14	0.48	69
Probe_minus_Memorize	16	0.48	69
Probe_minus_Memorize	18	0.48	64
Probe_minus_Memorize	20	0.48	62
Probe_minus_Memorize	22	0.48	60
Probe_minus_Memorize	24	0.48	43
Probe_minus_Memorize	26	0.48	25
Probe_minus_Memorize	28	0.48	6
Probe_minus_Memorize	30	0.48	0
Probe_minus_Memorize	4	0.52	0
Probe_minus_Memorize	6	0.52	55
Probe_minus_Memorize	8	0.52	69
Probe_minus_Memorize	10	0.52	69
Probe_minus_Memorize	12	0.52	69
Probe_minus_Memorize	14	0.52	69
Probe_minus_Memorize	16	0.52	68
Probe_minus_Memorize	18	0.52	59
Probe_minus_Memorize	20	0.52	59
Probe_minus_Memorize	22	0.52	59
Probe_minus_Memorize	24	0.52	50
Probe_minus_Memorize	26	0.52	45
Probe_minus_Memorize	28	0.52	35
Probe_minus_Memorize	30	0.52	13
Probe_minus_Memorize	4	0.56	0
Probe_minus_Memorize	6	0.56	64
Probe_minus_Memorize	8	0.56	69
Probe_minus_Memorize	10	0.56	69
Probe_minus_Memorize	12	0.56	69
Probe_minus_Memorize	14	0.56	69
Probe_minus_Memorize	16	0.56	68
Probe_minus_Memorize	18	0.56	63
Probe_minus_Memorize	20	0.56	60
Probe_minus_Memorize	22	0.56	52
Probe_minus_Memorize	24	0.56	44
Probe_minus_Memorize	26	0.56	40
Probe_minus_Memorize	28	0.56	30
Probe_minus_Memorize	30	0.56	7
Probe_minus_Memorize	4	0.6	0
Probe_minus_Memorize	6	0.6	69
Probe_minus_Memorize	8	0.6	69
Probe_minus_Memorize	10	0.6	69
Probe_minus_Memorize	12	0.6	69
Probe_minus_Memorize	14	0.6	69
Probe_minus_Memorize	16	0.6	69
Probe_minus_Memorize	18	0.6	60
Probe_minus_Memorize	20	0.6	53
Probe_minus_Memorize	22	0.6	44
Probe_minus_Memorize	24	0.6	34
Probe_minus_Memorize	26	0.6	34
Probe_minus_Memorize	28	0.6	37
Probe_minus_Memorize	30	0.6	26
Probe_minus_Memorize	4	0.64	0
Probe_minus_Memorize	6	0.64	69
Probe_minus_Memorize	8	0.64	69
Probe_minus_Memorize	10	0.64	69
Probe_minus_Memorize	12	0.64	69
Probe_minus_Memorize	14	0.64	69
Probe_minus_Memorize	16	0.64	69
Probe_minus_Memorize	18	0.64	62
Probe_minus_Memorize	20	0.64	51
Probe_minus_Memorize	22	0.64	47
Probe_minus_Memorize	24	0.64	42
Probe_minus_Memorize	26	0.64	34
Probe_minus_Memorize	28	0.64	32
Probe_minus_Memorize	30	0.64	29
Probe_minus_Memorize	4	0.68	0
Probe_minus_Memorize	6	0.68	69
Probe_minus_Memorize	8	0.68	69
Probe_minus_Memorize	10	0.68	69
Probe_minus_Memorize	12	0.68	69
Probe_minus_Memorize	14	0.68	69
Probe_minus_Memorize	16	0.68	69
Probe_minus_Memorize	18	0.68	67
Probe_minus_Memorize	20	0.68	60
Probe_minus_Memorize	22	0.68	48
Probe_minus_Memorize	24	0.68	35
Probe_minus_Memorize	26	0.68	23
Probe_minus_Memorize	28	0.68	10
Probe_minus_Memorize	30	0.68	0
Probe_minus_Memorize	4	0.72	0
Probe_minus_Memorize	6	0.72	69
Probe_minus_Memorize	8	0.72	69
Probe_minus_Memorize	10	0.72	69
Probe_minus_Memorize	12	0.72	69
Probe_minus_Memorize	14	0.72	69
Probe_minus_Memorize	16	0.72	66
Probe_minus_Memorize	18	0.72	61
Probe_minus_Memorize	20	0.72	52
Probe_minus_Memorize	22	0.72	37
Probe_minus_Memorize	24	0.72	26
Probe_minus_Memorize	26	0.72	13
Probe_minus_Memorize	28	0.72	0
Probe_minus_Memorize	30	0.72	0
Probe_minus_Memorize	4	0.76	0
Probe_minus_Memorize	6	0.76	69
Probe_minus_Memorize	8	0.76	69
Probe_minus_Memorize	10	0.76	69
Probe_minus_Memorize	12	0.76	69
Probe_minus_Memorize	14	0.76	68
Probe_minus_Memorize	16	0.76	38
Probe_minus_Memorize	18	0.76	39
Probe_minus_Memorize	20	0.76	40
Probe_minus_Memorize	22	0.76	32
Probe_minus_Memorize	24	0.76	25
Probe_minus_Memorize	26	0.76	12
Probe_minus_Memorize	28	0.76	0
Probe_minus_Memorize	30	0.76	0
Probe_minus_Memorize	4	0.8	0
Probe_minus_Memorize	6	0.8	69
Probe_minus_Memorize	8	0.8	69
Probe_minus_Memorize	10	0.8	69
Probe_minus_Memorize	12	0.8	69
Probe_minus_Memorize	14	0.8	63
Probe_minus_Memorize	16	0.8	31
Probe_minus_Memorize	18	0.8	37
Probe_minus_Memorize	20	0.8	41
Probe_minus_Memorize	22	0.8	41
Probe_minus_Memorize	24	0.8	27
Probe_minus_Memorize	26	0.8	9
Probe_minus_Memorize	28	0.8	0
Probe_minus_Memorize	30	0.8	0
Probe_minus_Memorize	4	0.84	0
Probe_minus_Memorize	6	0.84	69
Probe_minus_Memorize	8	0.84	69
Probe_minus_Memorize	10	0.84	69
Probe_minus_Memorize	12	0.84	69
Probe_minus_Memorize	14	0.84	49
Probe_minus_Memorize	16	0.84	27
Probe_minus_Memorize	18	0.84	31
Probe_minus_Memorize	20	0.84	37
Probe_minus_Memorize	22	0.84	28
Probe_minus_Memorize	24	0.84	30
Probe_minus_Memorize	26	0.84	32
Probe_minus_Memorize	28	0.84	35
Probe_minus_Memorize	30	0.84	28
Probe_minus_Memorize	4	0.88	0
Probe_minus_Memorize	6	0.88	69
Probe_minus_Memorize	8	0.88	69
Probe_minus_Memorize	10	0.88	69
Probe_minus_Memorize	12	0.88	67
Probe_minus_Memorize	14	0.88	33
Probe_minus_Memorize	16	0.88	25
Probe_minus_Memorize	18	0.88	26
Probe_minus_Memorize	20	0.88	27
Probe_minus_Memorize	22	0.88	24
Probe_minus_Memorize	24	0.88	30
Probe_minus_Memorize	26	0.88	28
Probe_minus_Memorize	28	0.88	7
Probe_minus_Memorize	30	0.88	7
Probe_minus_Memorize	4	0.92	0
Probe_minus_Memorize	6	0.92	69
Probe_minus_Memorize	8	0.92	69
Probe_minus_Memorize	10	0.92	69
Probe_minus_Memorize	12	0.92	64
Probe_minus_Memorize	14	0.92	25
Probe_minus_Memorize	16	0.92	18
Probe_minus_Memorize	18	0.92	7
Probe_minus_Memorize	20	0.92	10
Probe_minus_Memorize	22	0.92	12
Probe_minus_Memorize	24	0.92	14
Probe_minus_Memorize	26	0.92	3
Probe_minus_Memorize	28	0.92	0
Probe_minus_Memorize	30	0.92	0
Probe_minus_Memorize	4	0.96	0
Probe_minus_Memorize	6	0.96	69
Probe_minus_Memorize	8	0.96	69
Probe_minus_Memorize	10	0.96	69
Probe_minus_Memorize	12	0.96	61
Probe_minus_Memorize	14	0.96	19
Probe_minus_Memorize	16	0.96	4
Probe_minus_Memorize	18	0.96	8
Probe_minus_Memorize	20	0.96	6
Probe_minus_Memorize	22	0.96	13
Probe_minus_Memorize	24	0.96	6
Probe_minus_Memorize	26	0.96	0
Probe_minus_Memorize	28	0.96	0
Probe_minus_Memorize	30	0.96	0
Probe_minus_Memorize	4	1	0
Probe_minus_Memorize	6	1	69
Probe_minus_Memorize	8	1	69
Probe_minus_Memorize	10	1	68
Probe_minus_Memorize	12	1	56
Probe_minus_Memorize	14	1	3
Probe_minus_Memorize	16	1	0
Probe_minus_Memorize	18	1	18
Probe_minus_Memorize	20	1	30
Probe_minus_Memorize	22	1	28
Probe_minus_Memorize	24	1	20
Probe_minus_Memorize	26	1	12
Probe_minus_Memorize	28	1	0
Probe_minus_Memorize	30	1	0
Probe_minus_Memorize	4	1.04	0
Probe_minus_Memorize	6	1.04	69
Probe_minus_Memorize	8	1.04	69
Probe_minus_Memorize	10	1.04	68
Probe_minus_Memorize	12	1.04	42
Probe_minus_Memorize	14	1.04	5
Probe_minus_Memorize	16	1.04	5
Probe_minus_Memorize	18	1.04	24
Probe_minus_Memorize	20	1.04	27
Probe_minus_Memorize	22	1.04	23
Probe_minus_Memorize	24	1.04	19
Probe_minus_Memorize	26	1.04	20
Probe_minus_Memorize	28	1.04	0
Probe_minus_Memorize	30	1.04	0
Probe_minus_Memorize	4	1.08	0
Probe_minus_Memorize	6	1.08	67
Probe_minus_Memorize	8	1.08	69
Probe_minus_Memorize	10	1.08	67
Probe_minus_Memorize	12	1.08	37
Probe_minus_Memorize	14	1.08	0
Probe_minus_Memorize	16	1.08	0
Probe_minus_Memorize	18	1.08	7
Probe_minus_Memorize	20	1.08	0
Probe_minus_Memorize	22	1.08	0
Probe_minus_Memorize	24	1.08	0
Probe_minus_Memorize	26	1.08	0
Probe_minus_Memorize	28	1.08	0
Probe_minus_Memorize	30	1.08	0
Probe_minus_Memorize	4	1.12	0
Probe_minus_Memorize	6	1.12	60
Probe_minus_Memorize	8	1.12	69
Probe_minus_Memorize	10	1.12	67
Probe_minus_Memorize	12	1.12	38
Probe_minus_Memorize	14	1.12	0
Probe_minus_Memorize	16	1.12	0
Probe_minus_Memorize	18	1.12	0
Probe_minus_Memorize	20	1.12	0
Probe_minus_Memorize	22	1.12	0
Probe_minus_Memorize	24	1.12	0
Probe_minus_Memorize	26	1.12	0
Probe_minus_Memorize	28	1.12	0
Probe_minus_Memorize	30	1.12	0
Probe_minus_Memorize	4	1.16	0
Probe_minus_Memorize	6	1.16	49
Probe_minus_Memorize	8	1.16	69
Probe_minus_Memorize	10	1.16	67
Probe_minus_Memorize	12	1.16	35
Probe_minus_Memorize	14	1.16	0
Probe_minus_Memorize	16	1.16	0
Probe_minus_Memorize	18	1.16	0
Probe_minus_Memorize	20	1.16	0
Probe_minus_Memorize	22	1.16	0
Probe_minus_Memorize	24	1.16	0
Probe_minus_Memorize	26	1.16	0
Probe_minus_Memorize	28	1.16	0
Probe_minus_Memorize	30	1.16	0
Probe_minus_Memorize	4	1.2	0
Probe_minus_Memorize	6	1.2	39
Probe_minus_Memorize	8	1.2	69
Probe_minus_Memorize	10	1.2	67
Probe_minus_Memorize	12	1.2	28
Probe_minus_Memorize	14	1.2	0
Probe_minus_Memorize	16	1.2	0
Probe_minus_Memorize	18	1.2	0
Probe_minus_Memorize	20	1.2	0
Probe_minus_Memorize	22	1.2	0
Probe_minus_Memorize	24	1.2	0
Probe_minus_Memorize	26	1.2	0
Probe_minus_Memorize	28	1.2	0
Probe_minus_Memorize	30	1.2	0
Probe_minus_Memorize	4	1.24	0
Probe_minus_Memorize	6	1.24	34
Probe_minus_Memorize	8	1.24	69
Probe_minus_Memorize	10	1.24	67
Probe_minus_Memorize	12	1.24	27
Probe_minus_Memorize	14	1.24	0
Probe_minus_Memorize	16	1.24	0
Probe_minus_Memorize	18	1.24	0
Probe_minus_Memorize	20	1.24	0
Probe_minus_Memorize	22	1.24	0
Probe_minus_Memorize	24	1.24	0
Probe_minus_Memorize	26	1.24	0
Probe_minus_Memorize	28	1.24	0
Probe_minus_Memorize	30	1.24	0
Probe_minus_Memorize	4	1.28	0
Probe_minus_Memorize	6	1.28	21
Probe_minus_Memorize	8	1.28	69
Probe_minus_Memorize	10	1.28	67
Probe_minus_Memorize	12	1.28	20
Probe_minus_Memorize	14	1.28	0
Probe_minus_Memorize	16	1.28	0
Probe_minus_Memorize	18	1.28	0
Probe_minus_Memorize	20	1.28	0
Probe_minus_Memorize	22	1.28	0
Probe_minus_Memorize	24	1.28	0
Probe_minus_Memorize	26	1.28	0
Probe_minus_Memorize	28	1.28	0
Probe_minus_Memorize	30	1.28	0
Probe_minus_Memorize	4	1.32	0
Probe_minus_Memorize	6	1.32	13
Probe_minus_Memorize	8	1.32	69
Probe_minus_Memorize	10	1.32	63
Probe_minus_Memorize	12	1.32	19
Probe_minus_Memorize	14	1.32	0
Probe_minus_Memorize	16	1.32	0
Probe_minus_Memorize	18	1.32	0
Probe_minus_Memorize	20	1.32	0
Probe_minus_Memorize	22	1.32	0
Probe_minus_Memorize	24	1.32	0
Probe_minus_Memorize	26	1.32	0
Probe_minus_Memorize	28	1.32	0
Probe_minus_Memorize	30	1.32	0
Probe_minus_Memorize	4	1.36	0
Probe_minus_Memorize	6	1.36	12
Probe_minus_Memorize	8	1.36	69
Probe_minus_Memorize	10	1.36	58
Probe_minus_Memorize	12	1.36	21
Probe_minus_Memorize	14	1.36	0
Probe_minus_Memorize	16	1.36	0
Probe_minus_Memorize	18	1.36	0
Probe_minus_Memorize	20	1.36	0
Probe_minus_Memorize	22	1.36	0
Probe_minus_Memorize	24	1.36	0
Probe_minus_Memorize	26	1.36	0
Probe_minus_Memorize	28	1.36	0
Probe_minus_Memorize	30	1.36	0
Probe_minus_Memorize	4	1.4	0
Probe_minus_Memorize	6	1.4	10
Probe_minus_Memorize	8	1.4	69
Probe_minus_Memorize	10	1.4	54
Probe_minus_Memorize	12	1.4	19
Probe_minus_Memorize	14	1.4	0
Probe_minus_Memorize	16	1.4	0
Probe_minus_Memorize	18	1.4	0
Probe_minus_Memorize	20	1.4	0
Probe_minus_Memorize	22	1.4	0
Probe_minus_Memorize	24	1.4	0
Probe_minus_Memorize	26	1.4	0
Probe_minus_Memorize	28	1.4	0
Probe_minus_Memorize	30	1.4	0
Probe_minus_Ignore	4	0	0
Probe_minus_Ignore	6	0	0
Probe_minus_Ignore	8	0	16
Probe_minus_Ignore	10	0	19
Probe_minus_Ignore	12	0	0
Probe_minus_Ignore	14	0	0
Probe_minus_Ignore	16	0	0
Probe_minus_Ignore	18	0	0
Probe_minus_Ignore	20	0	0
Probe_minus_Ignore	22	0	0
Probe_minus_Ignore	24	0	0
Probe_minus_Ignore	26	0	0
Probe_minus_Ignore	28	0	0
Probe_minus_Ignore	30	0	0
Probe_minus_Ignore	4	0.04	0
Probe_minus_Ignore	6	0.04	0
Probe_minus_Ignore	8	0.04	19
Probe_minus_Ignore	10	0.04	25
Probe_minus_Ignore	12	0.04	6
Probe_minus_Ignore	14	0.04	0
Probe_minus_Ignore	16	0.04	0
Probe_minus_Ignore	18	0.04	6
Probe_minus_Ignore	20	0.04	8
Probe_minus_Ignore	22	0.04	15
Probe_minus_Ignore	24	0.04	6
Probe_minus_Ignore	26	0.04	0
Probe_minus_Ignore	28	0.04	0
Probe_minus_Ignore	30	0.04	0
Probe_minus_Ignore	4	0.0800000000000001	0
Probe_minus_Ignore	6	0.0800000000000001	0
Probe_minus_Ignore	8	0.0800000000000001	34
Probe_minus_Ignore	10	0.0800000000000001	43
Probe_minus_Ignore	12	0.0800000000000001	22
Probe_minus_Ignore	14	0.0800000000000001	5
Probe_minus_Ignore	16	0.0800000000000001	0
Probe_minus_Ignore	18	0.0800000000000001	5
Probe_minus_Ignore	20	0.0800000000000001	16
Probe_minus_Ignore	22	0.0800000000000001	17
Probe_minus_Ignore	24	0.0800000000000001	14
Probe_minus_Ignore	26	0.0800000000000001	3
Probe_minus_Ignore	28	0.0800000000000001	0
Probe_minus_Ignore	30	0.0800000000000001	0
Probe_minus_Ignore	4	0.12	0
Probe_minus_Ignore	6	0.12	0
Probe_minus_Ignore	8	0.12	48
Probe_minus_Ignore	10	0.12	61
Probe_minus_Ignore	12	0.12	42
Probe_minus_Ignore	14	0.12	11
Probe_minus_Ignore	16	0.12	0
Probe_minus_Ignore	18	0.12	7
Probe_minus_Ignore	20	0.12	10
Probe_minus_Ignore	22	0.12	9
Probe_minus_Ignore	24	0.12	8
Probe_minus_Ignore	26	0.12	0
Probe_minus_Ignore	28	0.12	0
Probe_minus_Ignore	30	0.12	0
Probe_minus_Ignore	4	0.16	0
Probe_minus_Ignore	6	0.16	0
Probe_minus_Ignore	8	0.16	63
Probe_minus_Ignore	10	0.16	68
Probe_minus_Ignore	12	0.16	51
Probe_minus_Ignore	14	0.16	32
Probe_minus_Ignore	16	0.16	14
Probe_minus_Ignore	18	0.16	15
Probe_minus_Ignore	20	0.16	17
Probe_minus_Ignore	22	0.16	16
Probe_minus_Ignore	24	0.16	11
Probe_minus_Ignore	26	0.16	0
Probe_minus_Ignore	28	0.16	0
Probe_minus_Ignore	30	0.16	0
Probe_minus_Ignore	4	0.2	0
Probe_minus_Ignore	6	0.2	0
Probe_minus_Ignore	8	0.2	67
Probe_minus_Ignore	10	0.2	69
Probe_minus_Ignore	12	0.2	60
Probe_minus_Ignore	14	0.2	40
Probe_minus_Ignore	16	0.2	25
Probe_minus_Ignore	18	0.2	27
Probe_minus_Ignore	20	0.2	32
Probe_minus_Ignore	22	0.2	41
Probe_minus_Ignore	24	0.2	42
Probe_minus_Ignore	26	0.2	47
Probe_minus_Ignore	28	0.2	41
Probe_minus_Ignore	30	0.2	13
Probe_minus_Ignore	4	0.24	0
Probe_minus_Ignore	6	0.24	0
Probe_minus_Ignore	8	0.24	68
Probe_minus_Ignore	10	0.24	69
Probe_minus_Ignore	12	0.24	67
Probe_minus_Ignore	14	0.24	47
Probe_minus_Ignore	16	0.24	37
Probe_minus_Ignore	18	0.24	43
Probe_minus_Ignore	20	0.24	42
Probe_minus_Ignore	22	0.24	38
Probe_minus_Ignore	24	0.24	37
Probe_minus_Ignore	26	0.24	47
Probe_minus_Ignore	28	0.24	42
Probe_minus_Ignore	30	0.24	42
Probe_minus_Ignore	4	0.28	0
Probe_minus_Ignore	6	0.28	0
Probe_minus_Ignore	8	0.28	69
Probe_minus_Ignore	10	0.28	69
Probe_minus_Ignore	12	0.28	69
Probe_minus_Ignore	14	0.28	50
Probe_minus_Ignore	16	0.28	50
Probe_minus_Ignore	18	0.28	51
Probe_minus_Ignore	20	0.28	42
Probe_minus_Ignore	22	0.28	32
Probe_minus_Ignore	24	0.28	21
Probe_minus_Ignore	26	0.28	12
Probe_minus_Ignore	28	0.28	0
Probe_minus_Ignore	30	0.28	0
Probe_minus_Ignore	4	0.32	0
Probe_minus_Ignore	6	0.32	3
Probe_minus_Ignore	8	0.32	69
Probe_minus_Ignore	10	0.32	69
Probe_minus_Ignore	12	0.32	69
Probe_minus_Ignore	14	0.32	64
Probe_minus_Ignore	16	0.32	60
Probe_minus_Ignore	18	0.32	65
Probe_minus_Ignore	20	0.32	57
Probe_minus_Ignore	22	0.32	47
Probe_minus_Ignore	24	0.32	41
Probe_minus_Ignore	26	0.32	33
Probe_minus_Ignore	28	0.32	28
Probe_minus_Ignore	30	0.32	6
Probe_minus_Ignore	4	0.36	0
Probe_minus_Ignore	6	0.36	20
Probe_minus_Ignore	8	0.36	69
Probe_minus_Ignore	10	0.36	69
Probe_minus_Ignore	12	0.36	69
Probe_minus_Ignore	14	0.36	69
Probe_minus_Ignore	16	0.36	69
Probe_minus_Ignore	18	0.36	69
Probe_minus_Ignore	20	0.36	66
Probe_minus_Ignore	22	0.36	61
Probe_minus_Ignore	24	0.36	54
Probe_minus_Ignore	26	0.36	47
Probe_minus_Ignore	28	0.36	45
Probe_minus_Ignore	30	0.36	50
Probe_minus_Ignore	4	0.4	0
Probe_minus_Ignore	6	0.4	47
Probe_minus_Ignore	8	0.4	69
Probe_minus_Ignore	10	0.4	69
Probe_minus_Ignore	12	0.4	69
Probe_minus_Ignore	14	0.4	69
Probe_minus_Ignore	16	0.4	69
Probe_minus_Ignore	18	0.4	69
Probe_minus_Ignore	20	0.4	67
Probe_minus_Ignore	22	0.4	60
Probe_minus_Ignore	24	0.4	55
Probe_minus_Ignore	26	0.4	50
Probe_minus_Ignore	28	0.4	44
Probe_minus_Ignore	30	0.4	38
Probe_minus_Ignore	4	0.44	0
Probe_minus_Ignore	6	0.44	58
Probe_minus_Ignore	8	0.44	69
Probe_minus_Ignore	10	0.44	69
Probe_minus_Ignore	12	0.44	69
Probe_minus_Ignore	14	0.44	69
Probe_minus_Ignore	16	0.44	69
Probe_minus_Ignore	18	0.44	67
Probe_minus_Ignore	20	0.44	68
Probe_minus_Ignore	22	0.44	60
Probe_minus_Ignore	24	0.44	57
Probe_minus_Ignore	26	0.44	51
Probe_minus_Ignore	28	0.44	36
Probe_minus_Ignore	30	0.44	27
Probe_minus_Ignore	4	0.48	0
Probe_minus_Ignore	6	0.48	69
Probe_minus_Ignore	8	0.48	69
Probe_minus_Ignore	10	0.48	69
Probe_minus_Ignore	12	0.48	69
Probe_minus_Ignore	14	0.48	69
Probe_minus_Ignore	16	0.48	69
Probe_minus_Ignore	18	0.48	67
Probe_minus_Ignore	20	0.48	63
Probe_minus_Ignore	22	0.48	59
Probe_minus_Ignore	24	0.48	47
Probe_minus_Ignore	26	0.48	25
Probe_minus_Ignore	28	0.48	0
Probe_minus_Ignore	30	0.48	0
Probe_minus_Ignore	4	0.52	0
Probe_minus_Ignore	6	0.52	69
Probe_minus_Ignore	8	0.52	69
Probe_minus_Ignore	10	0.52	69
Probe_minus_Ignore	12	0.52	69
Probe_minus_Ignore	14	0.52	69
Probe_minus_Ignore	16	0.52	69
Probe_minus_Ignore	18	0.52	68
Probe_minus_Ignore	20	0.52	62
Probe_minus_Ignore	22	0.52	61
Probe_minus_Ignore	24	0.52	59
Probe_minus_Ignore	26	0.52	48
Probe_minus_Ignore	28	0.52	39
Probe_minus_Ignore	30	0.52	16
Probe_minus_Ignore	4	0.56	0
Probe_minus_Ignore	6	0.56	69
Probe_minus_Ignore	8	0.56	69
Probe_minus_Ignore	10	0.56	69
Probe_minus_Ignore	12	0.56	69
Probe_minus_Ignore	14	0.56	69
Probe_minus_Ignore	16	0.56	69
Probe_minus_Ignore	18	0.56	68
Probe_minus_Ignore	20	0.56	62
Probe_minus_Ignore	22	0.56	59
Probe_minus_Ignore	24	0.56	52
Probe_minus_Ignore	26	0.56	48
Probe_minus_Ignore	28	0.56	40
Probe_minus_Ignore	30	0.56	34
Probe_minus_Ignore	4	0.6	0
Probe_minus_Ignore	6	0.6	69
Probe_minus_Ignore	8	0.6	69
Probe_minus_Ignore	10	0.6	69
Probe_minus_Ignore	12	0.6	69
Probe_minus_Ignore	14	0.6	69
Probe_minus_Ignore	16	0.6	69
Probe_minus_Ignore	18	0.6	62
Probe_minus_Ignore	20	0.6	60
Probe_minus_Ignore	22	0.6	55
Probe_minus_Ignore	24	0.6	46
Probe_minus_Ignore	26	0.6	43
Probe_minus_Ignore	28	0.6	32
Probe_minus_Ignore	30	0.6	24
Probe_minus_Ignore	4	0.64	0
Probe_minus_Ignore	6	0.64	69
Probe_minus_Ignore	8	0.64	69
Probe_minus_Ignore	10	0.64	69
Probe_minus_Ignore	12	0.64	69
Probe_minus_Ignore	14	0.64	69
Probe_minus_Ignore	16	0.64	69
Probe_minus_Ignore	18	0.64	66
Probe_minus_Ignore	20	0.64	58
Probe_minus_Ignore	22	0.64	49
Probe_minus_Ignore	24	0.64	44
Probe_minus_Ignore	26	0.64	34
Probe_minus_Ignore	28	0.64	31
Probe_minus_Ignore	30	0.64	27
Probe_minus_Ignore	4	0.68	0
Probe_minus_Ignore	6	0.68	69
Probe_minus_Ignore	8	0.68	69
Probe_minus_Ignore	10	0.68	69
Probe_minus_Ignore	12	0.68	69
Probe_minus_Ignore	14	0.68	69
Probe_minus_Ignore	16	0.68	69
Probe_minus_Ignore	18	0.68	69
Probe_minus_Ignore	20	0.68	66
Probe_minus_Ignore	22	0.68	50
Probe_minus_Ignore	24	0.68	32
Probe_minus_Ignore	26	0.68	23
Probe_minus_Ignore	28	0.68	13
Probe_minus_Ignore	30	0.68	4
Probe_minus_Ignore	4	0.72	0
Probe_minus_Ignore	6	0.72	69
Probe_minus_Ignore	8	0.72	69
Probe_minus_Ignore	10	0.72	69
Probe_minus_Ignore	12	0.72	69
Probe_minus_Ignore	14	0.72	69
Probe_minus_Ignore	16	0.72	69
Probe_minus_Ignore	18	0.72	67
Probe_minus_Ignore	20	0.72	64
Probe_minus_Ignore	22	0.72	52
Probe_minus_Ignore	24	0.72	39
Probe_minus_Ignore	26	0.72	8
Probe_minus_Ignore	28	0.72	0
Probe_minus_Ignore	30	0.72	0
Probe_minus_Ignore	4	0.76	0
Probe_minus_Ignore	6	0.76	69
Probe_minus_Ignore	8	0.76	69
Probe_minus_Ignore	10	0.76	69
Probe_minus_Ignore	12	0.76	69
Probe_minus_Ignore	14	0.76	68
Probe_minus_Ignore	16	0.76	58
Probe_minus_Ignore	18	0.76	57
Probe_minus_Ignore	20	0.76	57
Probe_minus_Ignore	22	0.76	54
Probe_minus_Ignore	24	0.76	52
Probe_minus_Ignore	26	0.76	41
Probe_minus_Ignore	28	0.76	19
Probe_minus_Ignore	30	0.76	4
Probe_minus_Ignore	4	0.8	0
Probe_minus_Ignore	6	0.8	69
Probe_minus_Ignore	8	0.8	69
Probe_minus_Ignore	10	0.8	69
Probe_minus_Ignore	12	0.8	69
Probe_minus_Ignore	14	0.8	65
Probe_minus_Ignore	16	0.8	37
Probe_minus_Ignore	18	0.8	42
Probe_minus_Ignore	20	0.8	52
Probe_minus_Ignore	22	0.8	48
Probe_minus_Ignore	24	0.8	30
Probe_minus_Ignore	26	0.8	7
Probe_minus_Ignore	28	0.8	0
Probe_minus_Ignore	30	0.8	0
Probe_minus_Ignore	4	0.84	0
Probe_minus_Ignore	6	0.84	69
Probe_minus_Ignore	8	0.84	69
Probe_minus_Ignore	10	0.84	69
Probe_minus_Ignore	12	0.84	69
Probe_minus_Ignore	14	0.84	54
Probe_minus_Ignore	16	0.84	30
Probe_minus_Ignore	18	0.84	36
Probe_minus_Ignore	20	0.84	40
Probe_minus_Ignore	22	0.84	43
Probe_minus_Ignore	24	0.84	35
Probe_minus_Ignore	26	0.84	21
Probe_minus_Ignore	28	0.84	15
Probe_minus_Ignore	30	0.84	15
Probe_minus_Ignore	4	0.88	0
Probe_minus_Ignore	6	0.88	69
Probe_minus_Ignore	8	0.88	69
Probe_minus_Ignore	10	0.88	69
Probe_minus_Ignore	12	0.88	69
Probe_minus_Ignore	14	0.88	45
Probe_minus_Ignore	16	0.88	29
Probe_minus_Ignore	18	0.88	26
Probe_minus_Ignore	20	0.88	40
Probe_minus_Ignore	22	0.88	45
Probe_minus_Ignore	24	0.88	41
Probe_minus_Ignore	26	0.88	24
Probe_minus_Ignore	28	0.88	9
Probe_minus_Ignore	30	0.88	9
Probe_minus_Ignore	4	0.92	0
Probe_minus_Ignore	6	0.92	69
Probe_minus_Ignore	8	0.92	69
Probe_minus_Ignore	10	0.92	69
Probe_minus_Ignore	12	0.92	67
Probe_minus_Ignore	14	0.92	26
Probe_minus_Ignore	16	0.92	15
Probe_minus_Ignore	18	0.92	12
Probe_minus_Ignore	20	0.92	22
Probe_minus_Ignore	22	0.92	24
Probe_minus_Ignore	24	0.92	14
Probe_minus_Ignore	26	0.92	0
Probe_minus_Ignore	28	0.92	0
Probe_minus_Ignore	30	0.92	0
Probe_minus_Ignore	4	0.96	0
Probe_minus_Ignore	6	0.96	69
Probe_minus_Ignore	8	0.96	69
Probe_minus_Ignore	10	0.96	69
Probe_minus_Ignore	12	0.96	66
Probe_minus_Ignore	14	0.96	22
Probe_minus_Ignore	16	0.96	0
Probe_minus_Ignore	18	0.96	12
Probe_minus_Ignore	20	0.96	4
Probe_minus_Ignore	22	0.96	0
Probe_minus_Ignore	24	0.96	0
Probe_minus_Ignore	26	0.96	0
Probe_minus_Ignore	28	0.96	0
Probe_minus_Ignore	30	0.96	0
Probe_minus_Ignore	4	1	0
Probe_minus_Ignore	6	1	69
Probe_minus_Ignore	8	1	69
Probe_minus_Ignore	10	1	69
Probe_minus_Ignore	12	1	66
Probe_minus_Ignore	14	1	14
Probe_minus_Ignore	16	1	10
Probe_minus_Ignore	18	1	21
Probe_minus_Ignore	20	1	27
Probe_minus_Ignore	22	1	22
Probe_minus_Ignore	24	1	15
Probe_minus_Ignore	26	1	14
Probe_minus_Ignore	28	1	12
Probe_minus_Ignore	30	1	0
Probe_minus_Ignore	4	1.04	0
Probe_minus_Ignore	6	1.04	67
Probe_minus_Ignore	8	1.04	69
Probe_minus_Ignore	10	1.04	69
Probe_minus_Ignore	12	1.04	61
Probe_minus_Ignore	14	1.04	19
Probe_minus_Ignore	16	1.04	18
Probe_minus_Ignore	18	1.04	26
Probe_minus_Ignore	20	1.04	26
Probe_minus_Ignore	22	1.04	17
Probe_minus_Ignore	24	1.04	26
Probe_minus_Ignore	26	1.04	31
Probe_minus_Ignore	28	1.04	9
Probe_minus_Ignore	30	1.04	0
Probe_minus_Ignore	4	1.08	0
Probe_minus_Ignore	6	1.08	65
Probe_minus_Ignore	8	1.08	69
Probe_minus_Ignore	10	1.08	69
Probe_minus_Ignore	12	1.08	54
Probe_minus_Ignore	14	1.08	8
Probe_minus_Ignore	16	1.08	8
Probe_minus_Ignore	18	1.08	6
Probe_minus_Ignore	20	1.08	0
Probe_minus_Ignore	22	1.08	0
Probe_minus_Ignore	24	1.08	0
Probe_minus_Ignore	26	1.08	0
Probe_minus_Ignore	28	1.08	0
Probe_minus_Ignore	30	1.08	0
Probe_minus_Ignore	4	1.12	0
Probe_minus_Ignore	6	1.12	56
Probe_minus_Ignore	8	1.12	69
Probe_minus_Ignore	10	1.12	69
Probe_minus_Ignore	12	1.12	47
Probe_minus_Ignore	14	1.12	3
Probe_minus_Ignore	16	1.12	0
Probe_minus_Ignore	18	1.12	10
Probe_minus_Ignore	20	1.12	8
Probe_minus_Ignore	22	1.12	0
Probe_minus_Ignore	24	1.12	0
Probe_minus_Ignore	26	1.12	0
Probe_minus_Ignore	28	1.12	0
Probe_minus_Ignore	30	1.12	0
Probe_minus_Ignore	4	1.16	0
Probe_minus_Ignore	6	1.16	48
Probe_minus_Ignore	8	1.16	69
Probe_minus_Ignore	10	1.16	69
Probe_minus_Ignore	12	1.16	42
Probe_minus_Ignore	14	1.16	4
Probe_minus_Ignore	16	1.16	0
Probe_minus_Ignore	18	1.16	15
Probe_minus_Ignore	20	1.16	10
Probe_minus_Ignore	22	1.16	0
Probe_minus_Ignore	24	1.16	0
Probe_minus_Ignore	26	1.16	0
Probe_minus_Ignore	28	1.16	0
Probe_minus_Ignore	30	1.16	0
Probe_minus_Ignore	4	1.2	0
Probe_minus_Ignore	6	1.2	37
Probe_minus_Ignore	8	1.2	69
Probe_minus_Ignore	10	1.2	68
Probe_minus_Ignore	12	1.2	36
Probe_minus_Ignore	14	1.2	6
Probe_minus_Ignore	16	1.2	5
Probe_minus_Ignore	18	1.2	9
Probe_minus_Ignore	20	1.2	4
Probe_minus_Ignore	22	1.2	0
Probe_minus_Ignore	24	1.2	0
Probe_minus_Ignore	26	1.2	0
Probe_minus_Ignore	28	1.2	0
Probe_minus_Ignore	30	1.2	0
Probe_minus_Ignore	4	1.24	0
Probe_minus_Ignore	6	1.24	33
Probe_minus_Ignore	8	1.24	69
Probe_minus_Ignore	10	1.24	68
Probe_minus_Ignore	12	1.24	36
Probe_minus_Ignore	14	1.24	6
Probe_minus_Ignore	16	1.24	6
Probe_minus_Ignore	18	1.24	5
Probe_minus_Ignore	20	1.24	0
Probe_minus_Ignore	22	1.24	0
Probe_minus_Ignore	24	1.24	0
Probe_minus_Ignore	26	1.24	0
Probe_minus_Ignore	28	1.24	0
Probe_minus_Ignore	30	1.24	0
Probe_minus_Ignore	4	1.28	0
Probe_minus_Ignore	6	1.28	30
Probe_minus_Ignore	8	1.28	69
Probe_minus_Ignore	10	1.28	69
Probe_minus_Ignore	12	1.28	31
Probe_minus_Ignore	14	1.28	6
Probe_minus_Ignore	16	1.28	6
Probe_minus_Ignore	18	1.28	0
Probe_minus_Ignore	20	1.28	0
Probe_minus_Ignore	22	1.28	0
Probe_minus_Ignore	24	1.28	0
Probe_minus_Ignore	26	1.28	0
Probe_minus_Ignore	28	1.28	0
Probe_minus_Ignore	30	1.28	0
Probe_minus_Ignore	4	1.32	0
Probe_minus_Ignore	6	1.32	29
Probe_minus_Ignore	8	1.32	69
Probe_minus_Ignore	10	1.32	69
Probe_minus_Ignore	12	1.32	32
Probe_minus_Ignore	14	1.32	8
Probe_minus_Ignore	16	1.32	0
Probe_minus_Ignore	18	1.32	0
Probe_minus_Ignore	20	1.32	0
Probe_minus_Ignore	22	1.32	0
Probe_minus_Ignore	24	1.32	0
Probe_minus_Ignore	26	1.32	0
Probe_minus_Ignore	28	1.32	0
Probe_minus_Ignore	30	1.32	0
Probe_minus_Ignore	4	1.36	0
Probe_minus_Ignore	6	1.36	26
Probe_minus_Ignore	8	1.36	69
Probe_minus_Ignore	10	1.36	68
Probe_minus_Ignore	12	1.36	26
Probe_minus_Ignore	14	1.36	6
Probe_minus_Ignore	16	1.36	0
Probe_minus_Ignore	18	1.36	0
Probe_minus_Ignore	20	1.36	0
Probe_minus_Ignore	22	1.36	0
Probe_minus_Ignore	24	1.36	0
Probe_minus_Ignore	26	1.36	0
Probe_minus_Ignore	28	1.36	0
Probe_minus_Ignore	30	1.36	0
Probe_minus_Ignore	4	1.4	0
Probe_minus_Ignore	6	1.4	24
Probe_minus_Ignore	8	1.4	69
Probe_minus_Ignore	10	1.4	64
Probe_minus_Ignore	12	1.4	24
Probe_minus_Ignore	14	1.4	0
Probe_minus_Ignore	16	1.4	0
Probe_minus_Ignore	18	1.4	0
Probe_minus_Ignore	20	1.4	0
Probe_minus_Ignore	22	1.4	0
Probe_minus_Ignore	24	1.4	0
Probe_minus_Ignore	26	1.4	0
Probe_minus_Ignore	28	1.4	0
Probe_minus_Ignore	30	1.4	0
